<?xml version="1.0" encoding="UTF-8" standalone="no" ?>
<COLLADA xmlns="http://www.collada.org/2005/11/COLLADASchema" version="1.4.1">
  <asset>
    <contributor>
      <author>Assimp</author>
      <authoring_tool>Assimp Exporter</authoring_tool>
    </contributor>
    <created>2025-11-12T11:09:31</created>
    <modified>2025-11-12T11:09:31</modified>
    <unit name="meter" meter="1" />
    <up_axis>Y_UP</up_axis>
  </asset>
  <library_images>
  </library_images>
  <library_effects>
    <effect id="material_0-fx" name="">
      <profile_COMMON>
        <technique sid="standard">
          <phong>
            <emission>
              <color sid="emission">0   0   0   4.28026616e-41</color>
            </emission>
            <ambient>
              <color sid="ambient">0.508235335   0.761223555   0.903529406   4.28026616e-41</color>
            </ambient>
            <diffuse>
              <color sid="diffuse">0.508235335   0.761223555   0.903529406   4.28026616e-41</color>
            </diffuse>
            <specular>
              <color sid="specular">0.349999994   0.349999994   0.349999994   4.28026616e-41</color>
            </specular>
          </phong>
        </technique>
      </profile_COMMON>
    </effect>
  </library_effects>
  <library_materials>
    <material id="material_0" name="">
      <instance_effect url="#material_0-fx"/>
    </material>
  </library_materials>
  <library_geometries>
    <geometry id="mesh_0" name="" >
      <mesh>
        <source id="mesh_0-positions" name="mesh_0-positions">
          <float_array id="mesh_0-positions-array" count="10998"> -0.040641252 0.0197261348 -0.00179833965 -0.0399170555 0.0204820912 -0.00191576988 -0.0397406258 0.0214835238 -0.00240383996 -0.00671606138 -0.0318844318 -0.0472008772 -0.0197792538 -0.028378075 -0.0469891317 -0.00667493371 -0.0287862066 -0.0486864746 0.0164613742 0.0277396701 -0.0435017906 0.0155299325 0.0262933597 -0.0461881496 0.00497406814 0.033673957 -0.0436616056 0.0155299325 0.0262933597 -0.0461881496 0.00427478738 0.0323573276 -0.0457873568 0.00497406814 0.033673957 -0.0436616056 0.0136966081 0.0333223753 -0.0235231668 0.0127307745 0.0339592285 -0.0233607776 0.0118941041 0.0343724936 -0.02280722 0.0127307745 0.0339592285 -0.0233607776 0.0136966081 0.0333223753 -0.0235231668 0.0143436771 0.0329717509 -0.0239977539 0.0127307745 0.0339592285 -0.0233607776 0.0143436771 0.0329717509 -0.0239977539 0.0143149486 0.0329260342 -0.0288088713 0.0121693593 0.0342159942 -0.027964171 0.0127307745 0.0339592285 -0.0233607776 0.0143149486 0.0329260342 -0.0288088713 -0.0133069083 -0.0386687405 -0.0179304499 -0.0147194164 -0.0356955677 -0.0379920118 -0.011200361 -0.0389571972 -0.0187601969 -0.0133069083 -0.0386687405 -0.0179304499 -0.0154009387 -0.0382649489 -0.0171055682 -0.0147194164 -0.0356955677 -0.0379920118 -0.0147194164 -0.0356955677 -0.0379920118 -0.0174801871 -0.0377451107 -0.0162863899 -0.0195342824 -0.0371101387 -0.0154773761 -0.0154009387 -0.0382649489 -0.0171055682 -0.0174801871 -0.0377451107 -0.0162863899 -0.0147194164 -0.0356955677 -0.0379920118 -0.0200977884 0.0197116844 -0.0491499975 -0.0271706544 0.017606739 -0.0485941097 -0.0183035694 0.0252761636 -0.0486361347 0.00427478738 0.0323573276 -0.0457873568 0.0034050364 0.0305595379 -0.0474798568 -0.00671577267 0.0318844914 -0.0472008921 0.0034050364 0.0305595379 -0.0474798568 0.0155299325 0.0262933597 -0.0461881496 0.0141063957 0.0241908468 -0.0481290482 0.0034050364 0.0305595379 -0.0474798568 0.00427478738 0.0323573276 -0.0457873568 0.0155299325 0.0262933597 -0.0461881496 -0.0197792631 0.0283779763 -0.0469892211 -0.00667500263 0.0287862699 -0.0486865006 -0.0183035694 0.0252761636 -0.0486361347 -0.00667500263 0.0287862699 -0.0486865006 -0.0197792631 0.0283779763 -0.0469892211 -0.00671577267 0.0318844914 -0.0472008921 0.0034050364 0.0305595379 -0.0474798568 -0.00667500263 0.0287862699 -0.0486865006 -0.00671577267 0.0318844914 -0.0472008921 -0.0197792538 -0.028378075 -0.0469891317 -0.018303562 -0.0252761599 -0.0486360416 -0.00667493371 -0.0287862066 -0.0486864746 -0.018303562 -0.0252761599 -0.0486360416 -0.00959240366 -0.0250903238 -0.0491500087 -0.00667493371 -0.0287862066 -0.0486864746 -0.0412044451 -0.0115262596 -0.0359253027 -0.0421943627 -0.0123669626 -0.0272032432 -0.0436440073 -3.99860619e-06 -0.0357593335 0.0113623152 0.0317853242 -0.0410551019 0.0164613742 0.0277396701 -0.0435017906 0.00497406814 0.033673957 -0.0436616056 0.0134490114 0.0333983973 -0.0287295859 0.0121693593 0.0342159942 -0.027964171 0.0143149486 0.0329260342 -0.0288088713 0.0113490829 0.0320343934 -0.0402658172 0.0134490114 0.0333983973 -0.0287295859 0.0143149486 0.0329260342 -0.0288088713 0.0134490114 0.0333983973 -0.0287295859 0.0113490829 0.0320343934 -0.0402658172 0.0121693593 0.0342159942 -0.027964171 -0.00677043153 0.0360482857 -0.0417337269 -0.00674909214 0.0344292149 -0.0447644182 -0.021762846 0.0325465426 -0.0409283899 -0.00674909214 0.0344292149 -0.0447644182 0.00427478738 0.0323573276 -0.0457873568 -0.00671577267 0.0318844914 -0.0472008921 0.00427478738 0.0323573276 -0.0457873568 -0.00674909214 0.0344292149 -0.0447644182 0.00497406814 0.033673957 -0.0436616056 -0.00674909214 0.0344292149 -0.0447644182 -0.00677043153 0.0360482857 -0.0417337269 0.00497406814 0.033673957 -0.0436616056 -0.016207451 -0.0381426625 -0.01193255 -0.0174801871 -0.0377451107 -0.0162863899 -0.0154009387 -0.0382649489 -0.0171055682 -0.0245534722 -0.0344253145 -0.00800887775 -0.0255999509 -0.0343321078 -0.00778352143 -0.0237516109 -0.03527743 -0.00851926021 -0.00959240366 -0.0250903238 -0.0491500087 -0.00346313836 -0.0258055739 -0.0491499715 -0.00667493371 -0.0287862066 -0.0486864746 -0.00346313836 -0.0258055739 -0.0491499715 0.00265498064 -0.0279567875 -0.0487381667 -0.00667493371 -0.0287862066 -0.0486864746 -0.0443999767 -0.0117507344 -0.000799481466 -0.0449845195 -0.00948574394 -0.000328725961 -0.0450617671 -0.00908043515 -0.00541891949 -0.0437896848 -0.0121658891 -0.000368646492 -0.0443999767 -0.0117507344 -0.000799481466 -0.0426056385 -0.0158929732 -0.00101694511 -0.0437896848 -0.0121658891 -0.000368646492 -0.0449845195 -0.00948574394 -0.000328725961 -0.0443999767 -0.0117507344 -0.000799481466 0.0149134388 0.0324580148 -0.0293083396 0.0113490829 0.0320343934 -0.0402658172 0.0143149486 0.0329260342 -0.0288088713 0.0156328063 0.0319618061 -0.0295925383 0.0149134388 0.0324580148 -0.0293083396 0.0143149486 0.0329260342 -0.0288088713 0.0149134388 0.0324580148 -0.0293083396 0.0156328063 0.0319618061 -0.0295925383 0.0113490829 0.0320343934 -0.0402658172 0.0163438935 0.0285627507 -0.0415178202 0.0113623152 0.0317853242 -0.0410551019 0.0113490829 0.0320343934 -0.0402658172 0.0174275618 0.0307624303 -0.0252154954 0.0159095507 0.0319064371 -0.0246160552 0.0154048186 0.0320253558 -0.0240445435 0.0159095507 0.0319064371 -0.0246160552 0.0136966081 0.0333223753 -0.0235231668 0.0154048186 0.0320253558 -0.0240445435 0.0136966081 0.0333223753 -0.0235231668 0.0159095507 0.0319064371 -0.0246160552 0.0143436771 0.0329717509 -0.0239977539 0.0143436771 0.0329717509 -0.0239977539 0.0159095507 0.0319064371 -0.0246160552 0.0143149486 0.0329260342 -0.0288088713 0.0187537652 0.029161917 -0.025331594 0.0179021936 0.0301376693 -0.0250415783 0.0154048186 0.0320253558 -0.0240445435 0.0179021936 0.0301376693 -0.0250415783 0.0174275618 0.0307624303 -0.0252154954 0.0154048186 0.0320253558 -0.0240445435 0.0214360449 -0.0265769567 -0.026404582 0.0172329023 -0.0304250754 -0.0247235112 0.0198236182 -0.028450558 -0.0258088764 0.0214360449 -0.0265769567 -0.026404582 0.0157305673 -0.0315521471 -0.0241224132 0.0172329023 -0.0304250754 -0.0247235112 0.0214360449 -0.0265769567 -0.026404582 0.0250334796 -0.0221463721 -0.0278435592 0.00231487327 -0.0376714356 -0.0187560469 0.0157305673 -0.0315521471 -0.0241224132 0.0214360449 -0.0265769567 -0.026404582 0.00231487327 -0.0376714356 -0.0187560469 0.0313284397 0.00850305241 -0.0305270702 0.0315064788 0.00704966206 -0.0304738879 0.0318681635 0.00467017945 -0.0306183156 0.0191839989 0.0121218357 -0.0491499938 0.0165779628 0.0198604073 -0.0487808399 0.0232451614 0.00846984703 -0.0488084666 0.0254398659 -0.00909775682 -0.0477138571 0.0251061991 -2.56264467e-08 -0.0486163162 0.0277646258 1.68233441e-07 -0.0469292663 -0.00667500263 0.0287862699 -0.0486865006 -0.00962441787 0.0250767674 -0.0491500273 -0.0183035694 0.0252761636 -0.0486361347 -0.00962441787 0.0250767674 -0.0491500273 -0.00667500263 0.0287862699 -0.0486865006 -0.00350618083 0.0258024856 -0.0491499305 -0.00962441787 0.0250767674 -0.0491500273 -0.0268250648 0.010685253 -0.0491500385 -0.0200977884 0.0197116844 -0.0491499975 -0.00959240366 -0.0250903238 -0.0491500087 -0.0152445333 -0.022978032 -0.0491499603 -0.0239950325 -0.0155382324 -0.0491500013 -0.018303562 -0.0252761599 -0.0486360416 -0.0152445333 -0.022978032 -0.0491499603 -0.00959240366 -0.0250903238 -0.0491500087 -0.0300133135 -0.0200002342 -0.046812281 -0.0323482081 -0.0219661295 -0.0438902155 -0.0389770791 -0.00928186998 -0.0436402224 -0.0323482081 -0.0219661295 -0.0438902155 -0.0300133135 -0.0200002342 -0.046812281 -0.0197792538 -0.028378075 -0.0469891317 -0.0300133135 -0.0200002342 -0.046812281 -0.018303562 -0.0252761599 -0.0486360416 -0.0197792538 -0.028378075 -0.0469891317 -0.0300133135 -0.0200002342 -0.046812281 -0.0271706488 -0.0176067483 -0.0485940352 -0.018303562 -0.0252761599 -0.0486360416 -0.0423653051 -3.83247698e-06 -0.0410230756 -0.042713996 -0.00166845962 -0.0384545438 -0.0436440073 -3.99860619e-06 -0.0357593335 -0.0409345552 -0.009836426 -0.0398324504 -0.042713996 -0.00166845962 -0.0384545438 -0.0423653051 -3.83247698e-06 -0.0410230756 -0.0323482081 -0.0219661295 -0.0438902155 -0.0409345552 -0.009836426 -0.0398324504 -0.0389770791 -0.00928186998 -0.0436402224 -0.0338336155 -0.0232169516 -0.0402554013 -0.0409345552 -0.009836426 -0.0398324504 -0.0323482081 -0.0219661295 -0.0438902155 -0.0409345552 -0.009836426 -0.0398324504 -0.0412044451 -0.0115262596 -0.0359253027 -0.0436440073 -3.99860619e-06 -0.0357593335 -0.042713996 -0.00166845962 -0.0384545438 -0.0409345552 -0.009836426 -0.0398324504 -0.0436440073 -3.99860619e-06 -0.0357593335 -0.0427142344 0.00166913134 -0.0384543501 -0.0423653051 -3.83247698e-06 -0.0410230756 -0.0436440073 -3.99860619e-06 -0.0357593335 -0.0409344994 0.00983650051 -0.0398325361 -0.0411835872 0.0115893586 -0.0359264538 -0.0369317494 0.020290954 -0.0362817086 -0.0427142344 0.00166913134 -0.0384543501 -0.0409344994 0.00983650051 -0.0398325361 -0.0423653051 -3.83247698e-06 -0.0410230756 -0.0409344994 0.00983650051 -0.0398325361 -0.0323479138 0.0219660755 -0.0438902453 -0.0389767848 0.00928175356 -0.0436401293 -0.0411835872 0.0115893586 -0.0359264538 -0.0409344994 0.00983650051 -0.0398325361 -0.0436440073 -3.99860619e-06 -0.0357593335 -0.0409344994 0.00983650051 -0.0398325361 -0.0427142344 0.00166913134 -0.0384543501 -0.0436440073 -3.99860619e-06 -0.0357593335 -0.0349284932 0.00464561628 -0.0477053672 -0.0321555063 0.00734863011 -0.0485676453 -0.033953242 0.0037633921 -0.0481854044 -0.0321555063 0.00734863011 -0.0485676453 -0.0331465527 0.00266396557 -0.0485092066 -0.033953242 0.0037633921 -0.0481854044 -0.0268250648 0.010685253 -0.0491500385 -0.0321555063 0.00734863011 -0.0485676453 -0.0271706544 0.017606739 -0.0485941097 -0.0321555063 0.00734863011 -0.0485676453 -0.0359007642 0.00840996485 -0.0467012003 -0.0271706544 0.017606739 -0.0485941097 -0.0359007642 0.00840996485 -0.0467012003 -0.0321555063 0.00734863011 -0.0485676453 -0.0349284932 0.00464561628 -0.0477053672 0.0053854594 0.0340596326 -0.0425381027 0.0113623152 0.0317853242 -0.0410551019 0.00497406814 0.033673957 -0.0436616056 -0.00677043153 0.0360482857 -0.0417337269 0.0053854594 0.0340596326 -0.0425381027 0.00497406814 0.033673957 -0.0436616056 0.0291275997 0.0154584367 -0.0334812738 0.0305001158 0.0117504522 -0.0303780194 0.0298767108 0.013230917 -0.0352186412 0.029565936 3.14212059e-07 -0.0443469472 0.0283894595 0.00994155742 -0.0436858758 0.031882409 0.00482088048 -0.0360103548 -0.00676410692 -0.0387500189 -0.0151244812 -0.0277851783 -0.0325527601 -0.00671609258 -0.01942789 -0.0366226099 -0.0100590531 -0.00676410692 -0.0387500189 -0.0151244812 -0.010457091 -0.0385736227 -0.0136474222 -0.00872009248 -0.0391744301 -0.0146893756 -0.0133069083 -0.0386687405 -0.0179304499 -0.0143899256 -0.0385384858 -0.0126506789 -0.0154009387 -0.0382649489 -0.0171055682 -0.0143899256 -0.0385384858 -0.0126506789 -0.016207451 -0.0381426625 -0.01193255 -0.0154009387 -0.0382649489 -0.0171055682 -0.0174801871 -0.0377451107 -0.0162863899 -0.0197789613 -0.0370941982 -0.0105220033 -0.0195342824 -0.0371101387 -0.0154773761 -0.016207451 -0.0381426625 -0.01193255 -0.0197789613 -0.0370941982 -0.0105220033 -0.0174801871 -0.0377451107 -0.0162863899 -0.0322826467 -0.0291616991 -0.00491718482 -0.0306531154 -0.0307792183 -0.00561711378 -0.0277851783 -0.0325527601 -0.00671609258 -0.0277851783 -0.0325527601 -0.00671609258 -0.0228698198 -0.0352445468 -0.0086823497 -0.01942789 -0.0366226099 -0.0100590531 -0.0245534722 -0.0344253145 -0.00800887775 -0.0228698198 -0.0352445468 -0.0086823497 -0.0277851783 -0.0325527601 -0.00671609258 -0.0272557084 -0.0331335627 -0.00697454019 -0.0255999509 -0.0343321078 -0.00778352143 -0.0245534722 -0.0344253145 -0.00800887775 -0.0306531154 -0.0307792183 -0.00561711378 -0.0272557084 -0.0331335627 -0.00697454019 -0.0277851783 -0.0325527601 -0.00671609258 -0.0272557084 -0.0331335627 -0.00697454019 -0.0306531154 -0.0307792183 -0.00561711378 -0.0299748722 -0.031555701 -0.00604236359 -0.00677024247 -0.0360482931 -0.0417337045 0.0053870189 -0.034060508 -0.0425344259 -0.00335912756 -0.0365222767 -0.0388477445 0.026405165 -0.0204633698 -0.0338479169 0.0269185379 -0.0196015779 -0.0340506621 0.0259039495 -0.0213821363 -0.0333720781 0.0269185379 -0.0196015779 -0.0340506621 0.0275076088 -0.0187091827 -0.029008979 0.0259039495 -0.0213821363 -0.0333720781 -0.00346313836 -0.0258055739 -0.0491499715 0.002757977 -0.0250068977 -0.0491500013 0.00265498064 -0.0279567875 -0.0487381667 0.002757977 -0.0250068977 -0.0491500013 -0.00346313836 -0.0258055739 -0.0491499715 -0.00959240366 -0.0250903238 -0.0491500087 -0.0458592176 -0.00458058482 -0.00510458741 -0.0455256701 -0.00684559951 -0.005236167 -0.0460020304 -0.0039359061 -0.000166845246 -0.0455256701 -0.00684559951 -0.005236167 -0.0458592176 -0.00458058482 -0.00510458741 -0.0436440073 -3.99860619e-06 -0.0357593335 -0.0455256701 -0.00684559951 -0.005236167 -0.0421943627 -0.0123669626 -0.0272032432 -0.0450617671 -0.00908043515 -0.00541891949 -0.0421943627 -0.0123669626 -0.0272032432 -0.0455256701 -0.00684559951 -0.005236167 -0.0436440073 -3.99860619e-06 -0.0357593335 -0.0431518517 -0.0139568932 -0.000623494212 -0.0415216684 -0.0176254064 -0.00127479283 -0.0416724682 -0.0168224405 -0.00116128079 -0.0415216684 -0.0176254064 -0.00127479283 -0.0431518517 -0.0139568932 -0.000623494212 -0.0426056385 -0.0158929732 -0.00101694511 -0.0431518517 -0.0139568932 -0.000623494212 -0.0437896848 -0.0121658891 -0.000368646492 -0.0426056385 -0.0158929732 -0.00101694511 -0.0411835872 0.0115893586 -0.0359264538 -0.0420166291 0.0174740236 -0.00661898032 -0.0369317494 0.020290954 -0.0362817086 -0.0458592176 -0.00458058482 -0.00510458741 -0.0460597277 -0.00231352565 -0.00502569927 -0.0436440073 -3.99860619e-06 -0.0357593335 -0.0460597277 -0.00231352565 -0.00502569927 -0.0458592176 -0.00458058482 -0.00510458741 -0.0460020304 -0.0039359061 -0.000166845246 0.0136966081 0.0333223753 -0.0235231668 0.0104905348 0.0349307954 -0.022082312 0.0154048186 0.0320253558 -0.0240445435 0.0104905348 0.0349307954 -0.022082312 0.0136966081 0.0333223753 -0.0235231668 0.0118941041 0.0343724936 -0.02280722 -0.0399170555 0.0204820912 -0.00191576988 -0.0372485556 0.024633687 -0.0031481937 -0.0397406258 0.0214835238 -0.00240383996 -0.0132970819 0.0359967761 -0.0381039307 -0.00677043153 0.0360482857 -0.0417337269 -0.021762846 0.0325465426 -0.0409283899 -0.00363367819 0.0365450829 -0.0388260894 0.0053854594 0.0340596326 -0.0425381027 -0.00677043153 0.0360482857 -0.0417337269 0.0306176022 -0.011198475 -0.0352277867 0.0307425931 -0.0105129974 -0.0355604403 0.0312019046 -0.00900787208 -0.0354577973 0.0143954773 0.0301642586 -0.0401957072 0.0163438935 0.0285627507 -0.0415178202 0.0113490829 0.0320343934 -0.0402658172 0.0113623152 0.0317853242 -0.0410551019 0.0165473837 0.0281223767 -0.0424865931 0.0164613742 0.0277396701 -0.0435017906 0.0163438935 0.0285627507 -0.0415178202 0.0165473837 0.0281223767 -0.0424865931 0.0113623152 0.0317853242 -0.0410551019 0.0310255326 -0.00992137287 -0.0305855293 0.0306176022 -0.011198475 -0.0352277867 0.0312019046 -0.00900787208 -0.0354577973 0.0313284397 0.00850305241 -0.0305270702 0.030866446 0.0103660375 -0.0303434599 0.0315064788 0.00704966206 -0.0304738879 0.0318359174 -0.0060166656 -0.0309055075 0.0315958336 -0.00673781941 -0.035897322 0.031751696 -0.00577694317 -0.0359588377 0.0315958336 -0.00673781941 -0.035897322 0.0318359174 -0.0060166656 -0.0309055075 0.0312019046 -0.00900787208 -0.0354577973 0.00265538879 0.0279593635 -0.0487374626 0.0034050364 0.0305595379 -0.0474798568 0.0141063957 0.0241908468 -0.0481290482 -0.00667500263 0.0287862699 -0.0486865006 0.00265538879 0.0279593635 -0.0487374626 -0.00350618083 0.0258024856 -0.0491499305 0.00265538879 0.0279593635 -0.0487374626 -0.00667500263 0.0287862699 -0.0486865006 0.0034050364 0.0305595379 -0.0474798568 0.0214482006 0.00626879372 -0.0491499193 0.0191839989 0.0121218357 -0.0491499938 0.0232451614 0.00846984703 -0.0488084666 0.0232450441 -0.00846986845 -0.048808448 0.0251061991 -2.56264467e-08 -0.0486163162 0.0254398659 -0.00909775682 -0.0477138571 0.0214583371 -0.00626161136 -0.0491499901 0.0232450441 -0.00846986845 -0.048808448 0.0191816762 -0.0121262604 -0.0491499044 0.0191816762 -0.0121262604 -0.0491499044 0.0232450441 -0.00846986845 -0.048808448 0.0165780261 -0.0198604222 -0.0487808138 -0.0152541362 0.022972431 -0.0491499379 -0.0200977884 0.0197116844 -0.0491499975 -0.0183035694 0.0252761636 -0.0486361347 -0.00962441787 0.0250767674 -0.0491500273 -0.0152541362 0.022972431 -0.0491499379 -0.0183035694 0.0252761636 -0.0486361347 -0.0152541362 0.022972431 -0.0491499379 -0.00962441787 0.0250767674 -0.0491500273 -0.0200977884 0.0197116844 -0.0491499975 -0.0200977884 0.0197116844 -0.0491499975 -0.0239962898 0.0155339371 -0.0491499417 -0.0271706544 0.017606739 -0.0485941097 -0.0239962898 0.0155339371 -0.0491499417 -0.0268250648 0.010685253 -0.0491500385 -0.0271706544 0.017606739 -0.0485941097 -0.0268250648 0.010685253 -0.0491500385 -0.0239962898 0.0155339371 -0.0491499417 -0.0200977884 0.0197116844 -0.0491499975 -0.0290770456 -2.02249231e-10 -0.0491499752 -0.0268250648 0.010685253 -0.0491500385 -0.0239950325 -0.0155382324 -0.0491500013 -0.0168457553 -0.00459971372 -0.0491501167 -0.0268250648 0.010685253 -0.0491500385 -0.00962441787 0.0250767674 -0.0491500273 -0.0168457553 -0.00459971372 -0.0491501167 -0.00959240366 -0.0250903238 -0.0491500087 -0.0239950325 -0.0155382324 -0.0491500013 -0.0268250648 0.010685253 -0.0491500385 -0.0168457553 -0.00459971372 -0.0491501167 -0.0239950325 -0.0155382324 -0.0491500013 -0.0152445333 -0.022978032 -0.0491499603 -0.0200709607 -0.0197443627 -0.0491499491 -0.0239950325 -0.0155382324 -0.0491500013 -0.0200709607 -0.0197443627 -0.0491499491 -0.0152445333 -0.022978032 -0.0491499603 -0.018303562 -0.0252761599 -0.0486360416 -0.0200709607 -0.0197443627 -0.0491499491 -0.0271706488 -0.0176067483 -0.0485940352 -0.0239950325 -0.0155382324 -0.0491500013 -0.0271706488 -0.0176067483 -0.0485940352 -0.0200709607 -0.0197443627 -0.0491499491 -0.018303562 -0.0252761599 -0.0486360416 -0.0385291614 0.0231919624 -0.00799337029 -0.0371706523 0.0249365494 -0.00852848403 -0.0369317494 0.020290954 -0.0362817086 -0.0338335596 0.0232168008 -0.0402555503 -0.0409344994 0.00983650051 -0.0398325361 -0.0369317494 0.020290954 -0.0362817086 -0.0409344994 0.00983650051 -0.0398325361 -0.0338335596 0.0232168008 -0.0402555503 -0.0323479138 0.0219660755 -0.0438902453 -0.0338335596 0.0232168008 -0.0402555503 -0.0305480938 0.027580535 -0.0367904194 -0.021762846 0.0325465426 -0.0409283899 -0.0305480938 0.027580535 -0.0367904194 -0.0342079401 0.0239998326 -0.0348484032 -0.0341684893 0.0281842537 -0.00971158594 -0.0342079401 0.0239998326 -0.0348484032 -0.0357164778 0.0266018547 -0.0091016693 -0.0341684893 0.0281842537 -0.00971158594 -0.0338335596 0.0232168008 -0.0402555503 -0.0342079401 0.0239998326 -0.0348484032 -0.0305480938 0.027580535 -0.0367904194 -0.0342079401 0.0239998326 -0.0348484032 -0.0338335596 0.0232168008 -0.0402555503 -0.0369317494 0.020290954 -0.0362817086 -0.0371706523 0.0249365494 -0.00852848403 -0.0342079401 0.0239998326 -0.0348484032 -0.0369317494 0.020290954 -0.0362817086 -0.0342079401 0.0239998326 -0.0348484032 -0.0371706523 0.0249365494 -0.00852848403 -0.0357164778 0.0266018547 -0.0091016693 -0.0323479138 0.0219660755 -0.0438902453 -0.0209916215 0.0309255216 -0.044288259 -0.0197792631 0.0283779763 -0.0469892211 -0.00674909214 0.0344292149 -0.0447644182 -0.0209916215 0.0309255216 -0.044288259 -0.021762846 0.0325465426 -0.0409283899 -0.0209916215 0.0309255216 -0.044288259 -0.0338335596 0.0232168008 -0.0402555503 -0.021762846 0.0325465426 -0.0409283899 -0.0338335596 0.0232168008 -0.0402555503 -0.0209916215 0.0309255216 -0.044288259 -0.0323479138 0.0219660755 -0.0438902453 -0.0197792631 0.0283779763 -0.0469892211 -0.0209916215 0.0309255216 -0.044288259 -0.00671577267 0.0318844914 -0.0472008921 -0.0209916215 0.0309255216 -0.044288259 -0.00674909214 0.0344292149 -0.0447644182 -0.00671577267 0.0318844914 -0.0472008921 -0.035900943 -0.00841010176 -0.0467011593 -0.0300133135 -0.0200002342 -0.046812281 -0.0389770791 -0.00928186998 -0.0436402224 -0.0390712544 -0.00613337848 -0.0443711877 -0.035900943 -0.00841010176 -0.0467011593 -0.0389770791 -0.00928186998 -0.0436402224 -0.035900943 -0.00841010176 -0.0467011593 -0.0390712544 -0.00613337848 -0.0443711877 -0.0370750949 -0.00576134445 -0.0462768488 -0.0300133135 -0.0200002342 -0.046812281 -0.035900943 -0.00841010176 -0.0467011593 -0.0271706488 -0.0176067483 -0.0485940352 -0.035900943 -0.00841010176 -0.0467011593 -0.0321555063 -0.0073486818 -0.0485676117 -0.0271706488 -0.0176067483 -0.0485940352 -0.0409345552 -0.009836426 -0.0398324504 -0.0408060476 -0.00556853693 -0.0420890264 -0.0389770791 -0.00928186998 -0.0436402224 -0.0409345552 -0.009836426 -0.0398324504 -0.0370501801 -0.0201125275 -0.0362721831 -0.0412044451 -0.0115262596 -0.0359253027 -0.0370501801 -0.0201125275 -0.0362721831 -0.0409345552 -0.009836426 -0.0398324504 -0.0338336155 -0.0232169516 -0.0402554013 -0.0370501801 -0.0201125275 -0.0362721831 -0.0412142798 -0.0149097266 -0.0272281095 -0.0412044451 -0.0115262596 -0.0359253027 -0.0408090316 0.00556578021 -0.0420851782 -0.0409344994 0.00983650051 -0.0398325361 -0.0389767848 0.00928175356 -0.0436401293 -0.0307250544 -2.64680494e-07 -0.0490524732 -0.0321555063 0.00734863011 -0.0485676453 -0.0268250648 0.010685253 -0.0491500385 -0.0290770456 -2.02249231e-10 -0.0491499752 -0.0307250544 -2.64680494e-07 -0.0490524732 -0.0268250648 0.010685253 -0.0491500385 -0.0307250544 -2.64680494e-07 -0.0490524732 -0.03260874 -0.00139240455 -0.0486890003 -0.0324150845 5.59540592e-09 -0.048746258 -0.0307250544 -2.64680494e-07 -0.0490524732 -0.0321555063 -0.0073486818 -0.0485676117 -0.03260874 -0.00139240455 -0.0486890003 -0.0323479138 0.0219660755 -0.0438902453 -0.0300134383 0.0200002883 -0.046812281 -0.0389767848 0.00928175356 -0.0436401293 -0.0300134383 0.0200002883 -0.046812281 -0.0359007642 0.00840996485 -0.0467012003 -0.0389767848 0.00928175356 -0.0436401293 -0.0359007642 0.00840996485 -0.0467012003 -0.0300134383 0.0200002883 -0.046812281 -0.0271706544 0.017606739 -0.0485941097 -0.0300134383 0.0200002883 -0.046812281 -0.0323479138 0.0219660755 -0.0438902453 -0.0197792631 0.0283779763 -0.0469892211 -0.0271706544 0.017606739 -0.0485941097 -0.0300134383 0.0200002883 -0.046812281 -0.0183035694 0.0252761636 -0.0486361347 -0.0300134383 0.0200002883 -0.046812281 -0.0197792631 0.0283779763 -0.0469892211 -0.0183035694 0.0252761636 -0.0486361347 -0.0370672308 0.00575865526 -0.0462829396 -0.0359007642 0.00840996485 -0.0467012003 -0.0349284932 0.00464561628 -0.0477053672 -0.0444747806 -0.0112642171 -0.00565031497 -0.0443999767 -0.0117507344 -0.000799481466 -0.0450617671 -0.00908043515 -0.00541891949 -0.0421943627 -0.0123669626 -0.0272032432 -0.0444747806 -0.0112642171 -0.00565031497 -0.0450617671 -0.00908043515 -0.00541891949 0.0053854594 0.0340596326 -0.0425381027 0.00803768635 0.0333794877 -0.0411016159 0.0113623152 0.0317853242 -0.0410551019 0.00762539823 0.0364433937 -0.0248803329 0.0076571079 0.0363701843 -0.02618731 0.00608843332 0.0369609073 -0.0255696233 0.0251061991 -2.56264467e-08 -0.0486163162 0.0254399255 0.00909773447 -0.0477138981 0.0277646258 1.68233441e-07 -0.0469292663 0.0254399255 0.00909773447 -0.0477138981 0.0251061991 -2.56264467e-08 -0.0486163162 0.0232451614 0.00846984703 -0.0488084666 0.0282402635 0.0172706544 -0.0342919268 0.0262300409 0.0166418385 -0.0411469452 0.0269284267 0.0195846185 -0.0340544954 0.0317503847 0.0057860869 -0.0359583013 0.0283894595 0.00994155742 -0.0436858758 0.0315081514 0.00722331973 -0.0358625911 0.0283894595 0.00994155742 -0.0436858758 0.0317503847 0.0057860869 -0.0359583013 0.031882409 0.00482088048 -0.0360103548 0.0317503847 0.0057860869 -0.0359583013 0.0313284397 0.00850305241 -0.0305270702 0.0318681635 0.00467017945 -0.0306183156 0.031882409 0.00482088048 -0.0360103548 0.0317503847 0.0057860869 -0.0359583013 0.0318681635 0.00467017945 -0.0306183156 0.0307533182 0.00969672762 -0.0301314499 0.0261610746 0.0204323083 -0.0282946527 0.0187537652 0.029161917 -0.025331594 0.0307533182 0.00969672762 -0.0301314499 0.030866446 0.0103660375 -0.0303434599 0.0299066342 0.0130345281 -0.0298349708 0.030866446 0.0103660375 -0.0303434599 0.0307533182 0.00969672762 -0.0301314499 0.0315064788 0.00704966206 -0.0304738879 0.0307533182 0.00969672762 -0.0301314499 0.0187537652 0.029161917 -0.025331594 0.00231487327 -0.0376714356 -0.0187560469 0.0250334796 -0.0221463721 -0.0278435592 0.0307533182 0.00969672762 -0.0301314499 0.00231487327 -0.0376714356 -0.0187560469 0.000460572279 -0.0385441184 -0.0185150895 -0.00143849116 -0.038800858 -0.0175133497 -0.00135546131 -0.0387897007 -0.0226378348 -0.00576561037 -0.03916917 -0.0157957301 -0.00676410692 -0.0387500189 -0.0151244812 -0.00872009248 -0.0391744301 -0.0146893756 -0.0069490592 -0.0391895249 -0.0204347186 -0.00908016413 -0.0391312242 -0.0195952877 -0.00677024247 -0.0360482931 -0.0417337045 -0.0147194164 -0.0356955677 -0.0379920118 -0.00908016413 -0.0391312242 -0.0195952877 -0.011200361 -0.0389571972 -0.0187601969 -0.00677024247 -0.0360482931 -0.0417337045 -0.00908016413 -0.0391312242 -0.0195952877 -0.0147194164 -0.0356955677 -0.0379920118 -0.0050793807 -0.0391453765 -0.0211712196 -0.00677024247 -0.0360482931 -0.0417337045 -0.00335912756 -0.0365222767 -0.0388477445 -0.0050793807 -0.0391453765 -0.0211712196 -0.0069490592 -0.0391895249 -0.0204347186 -0.00677024247 -0.0360482931 -0.0417337045 -0.00676410692 -0.0387500189 -0.0151244812 -0.012292021 -0.0383536071 -0.0129134161 -0.010457091 -0.0385736227 -0.0136474222 -0.0125511223 -0.0388483591 -0.0133768218 -0.0133069083 -0.0386687405 -0.0179304499 -0.011200361 -0.0389571972 -0.0187601969 -0.0125511223 -0.0388483591 -0.0133768218 -0.0143899256 -0.0385384858 -0.0126506789 -0.0133069083 -0.0386687405 -0.0179304499 -0.0165916625 -0.0378791839 -0.0113694174 -0.0187922064 -0.0373791493 -0.0106986901 -0.016207451 -0.0381426625 -0.01193255 -0.0187922064 -0.0373791493 -0.0106986901 -0.0197789613 -0.0370941982 -0.0105220033 -0.016207451 -0.0381426625 -0.01193255 -0.0306531154 -0.0307792183 -0.00561711378 -0.0312650166 -0.030295305 -0.00537277246 -0.0299748722 -0.031555701 -0.00604236359 -0.0312650166 -0.030295305 -0.00537277246 -0.0322826467 -0.0291616991 -0.00491718482 -0.0318682157 -0.0297978166 -0.0051316754 -0.0312650166 -0.030295305 -0.00537277246 -0.0306531154 -0.0307792183 -0.00561711378 -0.0322826467 -0.0291616991 -0.00491718482 -0.0216829125 -0.0359819829 -0.00920123048 -0.0245534722 -0.0344253145 -0.00800887775 -0.0237516109 -0.03527743 -0.00851926021 -0.0216829125 -0.0359819829 -0.00920123048 -0.0228698198 -0.0352445468 -0.0086823497 -0.0245534722 -0.0344253145 -0.00800887775 -0.0228698198 -0.0352445468 -0.0086823497 -0.0216829125 -0.0359819829 -0.00920123048 -0.01942789 -0.0366226099 -0.0100590531 -0.0261928383 -0.0335277356 -0.00735319639 -0.0245534722 -0.0344253145 -0.00800887775 -0.0277851783 -0.0325527601 -0.00671609258 -0.0272557084 -0.0331335627 -0.00697454019 -0.0261928383 -0.0335277356 -0.00735319639 -0.0277851783 -0.0325527601 -0.00671609258 -0.0261928383 -0.0335277356 -0.00735319639 -0.0272557084 -0.0331335627 -0.00697454019 -0.0245534722 -0.0344253145 -0.00800887775 0.00497419806 -0.0336739309 -0.0436616875 -0.00677024247 -0.0360482931 -0.0417337045 -0.00674932078 -0.0344291925 -0.0447644778 0.00497419806 -0.0336739309 -0.0436616875 0.0053870189 -0.034060508 -0.0425344259 -0.00677024247 -0.0360482931 -0.0417337045 0.0053870189 -0.034060508 -0.0425344259 0.00497419806 -0.0336739309 -0.0436616875 0.0113687022 -0.0317970589 -0.0410267487 0.0141062243 -0.0241909344 -0.0481290407 0.0127493255 -0.0226071198 -0.0489026718 0.0165780261 -0.0198604222 -0.0487808138 0.0127493255 -0.0226071198 -0.0489026718 0.0141062243 -0.0241909344 -0.0481290407 0.00265498064 -0.0279567875 -0.0487381667 0.002757977 -0.0250068977 -0.0491500013 0.0127493255 -0.0226071198 -0.0489026718 0.00265498064 -0.0279567875 -0.0487381667 0.0199733488 -0.0228043664 -0.045657482 0.018442044 -0.0214767288 -0.0475976951 0.0254398659 -0.00909775682 -0.0477138571 0.0232450441 -0.00846986845 -0.048808448 0.018442044 -0.0214767288 -0.0475976951 0.0165780261 -0.0198604222 -0.0487808138 0.018442044 -0.0214767288 -0.0475976951 0.0232450441 -0.00846986845 -0.048808448 0.0254398659 -0.00909775682 -0.0477138571 0.018442044 -0.0214767288 -0.0475976951 0.0141062243 -0.0241909344 -0.0481290407 0.0165780261 -0.0198604222 -0.0487808138 0.0300289448 -0.0128000304 -0.0352787226 0.0290921424 -0.0155404387 -0.0334671214 0.0295352396 -0.0141459117 -0.0350837 0.0290921424 -0.0155404387 -0.0334671214 0.0300289448 -0.0128000304 -0.0352787226 0.0306176022 -0.011198475 -0.0352277867 0.0109852059 -0.0212789085 -0.049149923 0.0127493255 -0.0226071198 -0.0489026718 0.002757977 -0.0250068977 -0.0491500013 -0.0452069044 -0.0085433051 -0.000240703885 -0.0455694199 -0.00565582654 0.000161846197 -0.0460020304 -0.0039359061 -0.000166845246 -0.0455256701 -0.00684559951 -0.005236167 -0.0452069044 -0.0085433051 -0.000240703885 -0.0460020304 -0.0039359061 -0.000166845246 -0.0449845195 -0.00948574394 -0.000328725961 -0.0452069044 -0.0085433051 -0.000240703885 -0.0450617671 -0.00908043515 -0.00541891949 -0.0452069044 -0.0085433051 -0.000240703885 -0.0455256701 -0.00684559951 -0.005236167 -0.0450617671 -0.00908043515 -0.00541891949 -0.0437896848 -0.0121658891 -0.000368646492 -0.0443413258 -0.0103398422 -0.00014831686 -0.0449845195 -0.00948574394 -0.000328725961 -0.0432084203 -0.0131687978 -0.000546894036 -0.0431518517 -0.0139568932 -0.000623494212 -0.0416724682 -0.0168224405 -0.00116128079 -0.0431518517 -0.0139568932 -0.000623494212 -0.0432084203 -0.0131687978 -0.000546894036 -0.0437896848 -0.0121658891 -0.000368646492 -0.0438645519 0.0111876735 -0.000284258218 -0.0437123813 0.0123995235 -0.000399627956 -0.0442741551 0.0105805201 -0.00017516462 0.0187537652 0.029161917 -0.025331594 -0.0438645519 0.0111876735 -0.000284258218 0.00231487327 -0.0376714356 -0.0187560469 -0.0437123813 0.0123995235 -0.000399627956 -0.0437895097 0.0133981528 -0.000801632763 -0.0442741551 0.0105805201 -0.00017516462 -0.0434512533 0.0142938066 -0.000935489952 -0.0437895097 0.0133981528 -0.000801632763 -0.0437123813 0.0123995235 -0.000399627956 -0.0439290442 0.0130119761 -0.00535002258 -0.0429658331 0.0154222567 -0.00624482939 -0.0411835872 0.0115893586 -0.0359264538 -0.0429658331 0.0154222567 -0.00624482939 -0.0420166291 0.0174740236 -0.00661898032 -0.0411835872 0.0115893586 -0.0359264538 -0.0420166291 0.0174740236 -0.00661898032 -0.040953815 0.0194622409 -0.00703780213 -0.0369317494 0.020290954 -0.0362817086 -0.0421794094 0.0173050985 -0.00167647214 -0.0418549217 0.0169531144 -0.0011416754 -0.040641252 0.0197261348 -0.00179833965 -0.0418549217 0.0169531144 -0.0011416754 -0.0421794094 0.0173050985 -0.00167647214 -0.0434512533 0.0142938066 -0.000935489952 -0.0461281575 -4.51216765e-05 -0.00499872537 -0.0460648537 0.00222450262 -0.00502367271 -0.0436440073 -3.99860619e-06 -0.0357593335 -0.0460597277 -0.00231352565 -0.00502569927 -0.0461281575 -4.51216765e-05 -0.00499872537 -0.0436440073 -3.99860619e-06 -0.0357593335 -0.0461475253 0.00203066715 -0.00010947066 -0.0459934473 0.00402338058 -0.000170331827 -0.0460648537 0.00222450262 -0.00502367271 -0.046151638 -0.00194899424 -0.000107788328 -0.0460597277 -0.00231352565 -0.00502569927 -0.0460020304 -0.0039359061 -0.000166845246 -0.0459934473 0.00402338058 -0.000170331827 -0.0458689965 0.00449567661 -0.00510070426 -0.0460648537 0.00222450262 -0.00502367271 -0.0460648537 0.00222450262 -0.00502367271 -0.0458689965 0.00449567661 -0.00510070426 -0.0436440073 -3.99860619e-06 -0.0357593335 -0.0458689965 0.00449567661 -0.00510070426 -0.0455398001 0.00676400168 -0.00523055065 -0.0436440073 -3.99860619e-06 -0.0357593335 -0.0453708209 0.00687844353 8.28983466e-05 -0.0457360782 0.00601730542 -0.000271927449 -0.0459934473 0.00402338058 -0.000170331827 -0.0457360782 0.00601730542 -0.000271927449 -0.0458689965 0.00449567661 -0.00510070426 -0.0459934473 0.00402338058 -0.000170331827 -0.0458689965 0.00449567661 -0.00510070426 -0.0457360782 0.00601730542 -0.000271927449 -0.0455398001 0.00676400168 -0.00523055065 -0.0450814366 0.00899716653 -0.00541126495 -0.0411835872 0.0115893586 -0.0359264538 -0.0436440073 -3.99860619e-06 -0.0357593335 -0.0455398001 0.00676400168 -0.00523055065 -0.0450814366 0.00899716653 -0.00541126495 -0.0436440073 -3.99860619e-06 -0.0357593335 -0.0457360782 0.00601730542 -0.000271927449 -0.0450814366 0.00899716653 -0.00541126495 -0.0455398001 0.00676400168 -0.00523055065 -0.0445221066 0.00965841115 -7.60614712e-05 -0.0438645519 0.0111876735 -0.000284258218 -0.0442741551 0.0105805201 -0.00017516462 -0.0457236767 0.00107720448 0.000403918501 -0.0461475253 0.00203066715 -0.00010947066 -0.0461999774 3.98217453e-05 -8.86521011e-05 0.00589972362 0.0366223231 -0.0201900695 0.0187537652 0.029161917 -0.025331594 0.0154048186 0.0320253558 -0.0240445435 0.0104905348 0.0349307954 -0.022082312 0.00589972362 0.0366223231 -0.0201900695 0.0154048186 0.0320253558 -0.0240445435 0.00589972362 0.0366223231 -0.0201900695 -0.00307172933 0.0385731049 -0.0166014899 0.0187537652 0.029161917 -0.025331594 -0.0180111583 0.0370818488 -0.0106256614 -0.00307172933 0.0385731049 -0.0166014899 -0.0116482424 0.0384412222 -0.0131709576 -0.00307172933 0.0385731049 -0.0166014899 -0.0180111583 0.0370818488 -0.0106256614 0.0187537652 0.029161917 -0.025331594 -0.0180111583 0.0370818488 -0.0106256614 -0.0438645519 0.0111876735 -0.000284258218 0.0187537652 0.029161917 -0.025331594 -0.0438645519 0.0111876735 -0.000284258218 -0.0180111583 0.0370818488 -0.0106256614 -0.0355493464 0.0259423312 -0.00361040141 -0.00363367819 0.0365450829 -0.0388260894 -0.00363743654 0.039049875 -0.0217390675 -0.00199348084 0.0388757251 -0.0223865993 -0.0325487889 0.0296640061 -0.0103496062 -0.0305480938 0.027580535 -0.0367904194 -0.0341684893 0.0281842537 -0.00971158594 -0.0364318527 0.025264509 -0.00330836792 -0.0372485556 0.024633687 -0.0031481937 -0.0399170555 0.0204820912 -0.00191576988 -0.0380552448 0.0239386912 -0.0033050878 -0.0391960181 0.022377789 -0.00285475911 -0.0397406258 0.0214835238 -0.00240383996 -0.0372485556 0.024633687 -0.0031481937 -0.0380552448 0.0239386912 -0.0033050878 -0.0397406258 0.0214835238 -0.00240383996 -0.0391960181 0.022377789 -0.00285475911 -0.0380552448 0.0239386912 -0.0033050878 -0.0385291614 0.0231919624 -0.00799337029 -0.0380552448 0.0239386912 -0.0033050878 -0.0371706523 0.0249365494 -0.00852848403 -0.0385291614 0.0231919624 -0.00799337029 -0.0224904418 0.0329362266 -0.0374116823 -0.0132970819 0.0359967761 -0.0381039307 -0.021762846 0.0325465426 -0.0409283899 -0.0305480938 0.027580535 -0.0367904194 -0.0224904418 0.0329362266 -0.0374116823 -0.021762846 0.0325465426 -0.0409283899 -0.00363367819 0.0365450829 -0.0388260894 0.00127076823 0.0383193344 -0.0236721076 0.00289076287 0.0379361883 -0.0243102368 0.0307425931 -0.0105129974 -0.0355604403 0.0283895805 -0.00994161237 -0.0436859354 0.0312019046 -0.00900787208 -0.0354577973 0.0283895805 -0.00994161237 -0.0436859354 0.0295352396 -0.0141459117 -0.0350837 0.0261939242 -0.0167126358 -0.0411442295 0.0283895805 -0.00994161237 -0.0436859354 0.0300289448 -0.0128000304 -0.0352787226 0.0295352396 -0.0141459117 -0.0350837 0.0300289448 -0.0128000304 -0.0352787226 0.0283895805 -0.00994161237 -0.0436859354 0.0306176022 -0.011198475 -0.0352277867 0.0283895805 -0.00994161237 -0.0436859354 0.0307425931 -0.0105129974 -0.0355604403 0.0306176022 -0.011198475 -0.0352277867 0.0315958336 -0.00673781941 -0.035897322 0.0283895805 -0.00994161237 -0.0436859354 0.031751696 -0.00577694317 -0.0359588377 0.0163854342 0.0314931199 -0.0296242535 0.0156328063 0.0319618061 -0.0295925383 0.0143149486 0.0329260342 -0.0288088713 0.0159095507 0.0319064371 -0.0246160552 0.0163854342 0.0314931199 -0.0296242535 0.0143149486 0.0329260342 -0.0288088713 0.0163854342 0.0314931199 -0.0296242535 0.0159095507 0.0319064371 -0.0246160552 0.0174275618 0.0307624303 -0.0252154954 0.0183799248 0.0299133211 -0.0304096453 0.0163854342 0.0314931199 -0.0296242535 0.0174275618 0.0307624303 -0.0252154954 0.0143954773 0.0301642586 -0.0401957072 0.0163854342 0.0314931199 -0.0296242535 0.0163438935 0.0285627507 -0.0415178202 0.0156328063 0.0319618061 -0.0295925383 0.0163854342 0.0314931199 -0.0296242535 0.0113490829 0.0320343934 -0.0402658172 0.0163854342 0.0314931199 -0.0296242535 0.0143954773 0.0301642586 -0.0401957072 0.0113490829 0.0320343934 -0.0402658172 0.0197480321 0.0286121089 -0.0312185697 0.0165473837 0.0281223767 -0.0424865931 0.0163438935 0.0285627507 -0.0415178202 0.0263296962 0.0207134448 -0.0335396491 0.0282402635 0.0172706544 -0.0342919268 0.0269284267 0.0195846185 -0.0340544954 0.0221146941 0.0263777431 -0.0270664375 0.0229136348 0.025391072 -0.0321946554 0.0216344595 0.0268224105 -0.0316909887 0.0214360449 -0.0265769567 -0.026404582 0.0236018356 -0.0243645869 -0.0273175277 0.0250334796 -0.0221463721 -0.0278435592 0.0318359174 -0.0060166656 -0.0309055075 0.032093171 -0.00402311329 -0.0310070012 0.0319551267 -0.00489625847 -0.030775968 0.0321345963 -0.00105185318 -0.0307248253 0.0321487226 -9.74965733e-05 -0.0307303611 0.031931702 -0.00204448658 -0.0306029301 0.0321487226 -9.74965733e-05 -0.0307303611 0.0319394507 0.00189009344 -0.0306060445 0.031931702 -0.00204448658 -0.0306029301 0.0318359174 -0.0060166656 -0.0309055075 0.0314787664 -0.00798718724 -0.0307644121 0.0312019046 -0.00900787208 -0.0354577973 0.0314787664 -0.00798718724 -0.0307644121 0.0310255326 -0.00992137287 -0.0305855293 0.0312019046 -0.00900787208 -0.0354577973 0.0305001158 0.0117504522 -0.0303780194 0.0301885642 0.0123297079 -0.0353416055 0.0298767108 0.013230917 -0.0352186412 0.0301885642 0.0123297079 -0.0353416055 0.0283894595 0.00994155742 -0.0436858758 0.0298767108 0.013230917 -0.0352186412 0.0283894595 0.00994155742 -0.0436858758 0.0312145967 0.00864135381 -0.0357467234 0.0315081514 0.00722331973 -0.0358625911 0.0321588553 0.00268300343 -0.0358346477 0.031882409 0.00482088048 -0.0360103548 0.0318681635 0.00467017945 -0.0306183156 -0.041717466 -0.0136711253 -0.0272253603 -0.0421943627 -0.0123669626 -0.0272032432 -0.0412044451 -0.0115262596 -0.0359253027 -0.0412142798 -0.0149097266 -0.0272281095 -0.041717466 -0.0136711253 -0.0272253603 -0.0412044451 -0.0115262596 -0.0359253027 -0.041717466 -0.0136711253 -0.0272253603 -0.0412142798 -0.0149097266 -0.0272281095 -0.0429397225 -0.0154836895 -0.00625519641 -0.0217627771 -0.0325465389 -0.0409283936 -0.0307681467 -0.0273873098 -0.0367732905 -0.0338336155 -0.0232169516 -0.0402554013 -0.00677024247 -0.0360482931 -0.0417337045 -0.0217627771 -0.0325465389 -0.0409283936 -0.00674932078 -0.0344291925 -0.0447644778 -0.0217627771 -0.0325465389 -0.0409283936 -0.00677024247 -0.0360482931 -0.0417337045 -0.0147194164 -0.0356955677 -0.0379920118 0.0191839989 0.0121218357 -0.0491499938 0.0155946063 0.0172347836 -0.0491499454 0.0165779628 0.0198604073 -0.0487808399 0.022233909 -1.1698269e-09 -0.049150005 0.0232450441 -0.00846986845 -0.048808448 0.0214583371 -0.00626161136 -0.0491499901 0.0232450441 -0.00846986845 -0.048808448 0.022233909 -1.1698269e-09 -0.049150005 0.0251061991 -2.56264467e-08 -0.0486163162 0.0214482006 0.00626879372 -0.0491499193 0.022233909 -1.1698269e-09 -0.049150005 0.0191839989 0.0121218357 -0.0491499938 0.0251061991 -2.56264467e-08 -0.0486163162 0.022233909 -1.1698269e-09 -0.049150005 0.0232451614 0.00846984703 -0.0488084666 0.022233909 -1.1698269e-09 -0.049150005 0.0214482006 0.00626879372 -0.0491499193 0.0232451614 0.00846984703 -0.0488084666 0.00275797048 0.0250069238 -0.0491500348 -0.0168457553 -0.00459971372 -0.0491501167 -0.00962441787 0.0250767674 -0.0491500273 0.00275797048 0.0250069238 -0.0491500348 0.0155946063 0.0172347836 -0.0491499454 0.0191839989 0.0121218357 -0.0491499938 0.0155946063 0.0172347836 -0.0491499454 0.00275797048 0.0250069238 -0.0491500348 0.0109853791 0.0212788954 -0.0491499342 0.00275797048 0.0250069238 -0.0491500348 -0.00962441787 0.0250767674 -0.0491500273 -0.00350618083 0.0258024856 -0.0491499305 0.00265538879 0.0279593635 -0.0487374626 0.00275797048 0.0250069238 -0.0491500348 -0.00350618083 0.0258024856 -0.0491499305 0.0155962799 -0.0172329918 -0.0491500758 0.002757977 -0.0250068977 -0.0491500013 -0.00959240366 -0.0250903238 -0.0491500087 -0.0168457553 -0.00459971372 -0.0491501167 0.0155962799 -0.0172329918 -0.0491500758 -0.00959240366 -0.0250903238 -0.0491500087 0.0155962799 -0.0172329918 -0.0491500758 0.022233909 -1.1698269e-09 -0.049150005 0.0214583371 -0.00626161136 -0.0491499901 0.0155962799 -0.0172329918 -0.0491500758 0.0109852059 -0.0212789085 -0.049149923 0.002757977 -0.0250068977 -0.0491500013 0.0155962799 -0.0172329918 -0.0491500758 0.0214583371 -0.00626161136 -0.0491499901 0.0191816762 -0.0121262604 -0.0491499044 0.0109852059 -0.0212789085 -0.049149923 0.0155962799 -0.0172329918 -0.0491500758 0.0127493255 -0.0226071198 -0.0489026718 0.0155962799 -0.0172329918 -0.0491500758 0.0191816762 -0.0121262604 -0.0491499044 0.0165780261 -0.0198604222 -0.0487808138 0.0127493255 -0.0226071198 -0.0489026718 0.0155962799 -0.0172329918 -0.0491500758 0.0165780261 -0.0198604222 -0.0487808138 -0.035900943 -0.00841010176 -0.0467011593 -0.0349380895 -0.00465287128 -0.0477001667 -0.0321555063 -0.0073486818 -0.0485676117 -0.0349380895 -0.00465287128 -0.0477001667 -0.035900943 -0.00841010176 -0.0467011593 -0.0370750949 -0.00576134445 -0.0462768488 -0.0370672308 0.00575865526 -0.0462829396 -0.0349380895 -0.00465287128 -0.0477001667 -0.0370750949 -0.00576134445 -0.0462768488 -0.0349380895 -0.00465287128 -0.0477001667 -0.0370672308 0.00575865526 -0.0462829396 -0.0349284932 0.00464561628 -0.0477053672 -0.0413364694 -0.0047057583 -0.0413263999 -0.0409345552 -0.009836426 -0.0398324504 -0.0423653051 -3.83247698e-06 -0.0410230756 -0.0408060476 -0.00556853693 -0.0420890264 -0.0413364694 -0.0047057583 -0.0413263999 -0.0423653051 -3.83247698e-06 -0.0410230756 -0.0413364694 -0.0047057583 -0.0413263999 -0.0408060476 -0.00556853693 -0.0420890264 -0.0409345552 -0.009836426 -0.0398324504 -0.0390712544 -0.00613337848 -0.0443711877 -0.0401195213 -0.00603144895 -0.0430566035 -0.0423653051 -3.83247698e-06 -0.0410230756 -0.0401195213 -0.00603144895 -0.0430566035 -0.0408060476 -0.00556853693 -0.0420890264 -0.0423653051 -3.83247698e-06 -0.0410230756 -0.0401195213 -0.00603144895 -0.0430566035 -0.0390712544 -0.00613337848 -0.0443711877 -0.0389770791 -0.00928186998 -0.0436402224 -0.0408060476 -0.00556853693 -0.0420890264 -0.0401195213 -0.00603144895 -0.0430566035 -0.0389770791 -0.00928186998 -0.0436402224 -0.0409344994 0.00983650051 -0.0398325361 -0.0413387381 0.00470077805 -0.041323673 -0.0423653051 -3.83247698e-06 -0.0410230756 -0.0413387381 0.00470077805 -0.041323673 -0.0408090316 0.00556578021 -0.0420851782 -0.0423653051 -3.83247698e-06 -0.0410230756 -0.0408090316 0.00556578021 -0.0420851782 -0.0413387381 0.00470077805 -0.041323673 -0.0409344994 0.00983650051 -0.0398325361 -0.0326059982 0.00138219737 -0.0486899167 -0.0307250544 -2.64680494e-07 -0.0490524732 -0.0324150845 5.59540592e-09 -0.048746258 -0.0307250544 -2.64680494e-07 -0.0490524732 -0.0326059982 0.00138219737 -0.0486899167 -0.0321555063 0.00734863011 -0.0485676453 -0.0321555063 0.00734863011 -0.0485676453 -0.0326059982 0.00138219737 -0.0486899167 -0.0331465527 0.00266396557 -0.0485092066 -0.03260874 -0.00139240455 -0.0486890003 -0.0326059982 0.00138219737 -0.0486899167 -0.0324150845 5.59540592e-09 -0.048746258 -0.0307250544 -2.64680494e-07 -0.0490524732 -0.0268092081 -0.010727386 -0.0491499603 -0.0321555063 -0.0073486818 -0.0485676117 -0.0271706488 -0.0176067483 -0.0485940352 -0.0268092081 -0.010727386 -0.0491499603 -0.0239950325 -0.0155382324 -0.0491500013 -0.0321555063 -0.0073486818 -0.0485676117 -0.0268092081 -0.010727386 -0.0491499603 -0.0271706488 -0.0176067483 -0.0485940352 -0.0268092081 -0.010727386 -0.0491499603 -0.0290770456 -2.02249231e-10 -0.0491499752 -0.0239950325 -0.0155382324 -0.0491500013 -0.0268092081 -0.010727386 -0.0491499603 -0.0307250544 -2.64680494e-07 -0.0490524732 -0.0290770456 -2.02249231e-10 -0.0491499752 -0.0390712544 -0.00613337848 -0.0443711877 -0.0390713774 0.00613327371 -0.0443711951 -0.0370750949 -0.00576134445 -0.0462768488 -0.0390713774 0.00613327371 -0.0443711951 -0.0370672308 0.00575865526 -0.0462829396 -0.0370750949 -0.00576134445 -0.0462768488 -0.0390713774 0.00613327371 -0.0443711951 -0.0390712544 -0.00613337848 -0.0443711877 -0.0423653051 -3.83247698e-06 -0.0410230756 -0.0359007642 0.00840996485 -0.0467012003 -0.0390713774 0.00613327371 -0.0443711951 -0.0389767848 0.00928175356 -0.0436401293 -0.0370672308 0.00575865526 -0.0462829396 -0.0390713774 0.00613327371 -0.0443711951 -0.0359007642 0.00840996485 -0.0467012003 -0.0404202342 -0.0204080474 -0.00213497854 -0.0415216684 -0.0176254064 -0.00127479283 -0.0426056385 -0.0158929732 -0.00101694511 -0.0437669754 -0.0133984191 -0.00592930289 -0.0444747806 -0.0112642171 -0.00565031497 -0.0421943627 -0.0123669626 -0.0272032432 -0.041717466 -0.0136711253 -0.0272253603 -0.0437669754 -0.0133984191 -0.00592930289 -0.0421943627 -0.0123669626 -0.0272032432 -0.0437669754 -0.0133984191 -0.00592930289 -0.041717466 -0.0136711253 -0.0272253603 -0.0429397225 -0.0154836895 -0.00625519641 -0.0437669754 -0.0133984191 -0.00592930289 -0.0429909192 -0.0155441575 -0.00463388255 -0.0443999767 -0.0117507344 -0.000799481466 -0.0444747806 -0.0112642171 -0.00565031497 -0.0437669754 -0.0133984191 -0.00592930289 -0.0443999767 -0.0117507344 -0.000799481466 0.0076571079 0.0363701843 -0.02618731 0.00995003898 0.0353640988 -0.0270902477 0.00884365756 0.0358080566 -0.0269093066 0.00995003898 0.0353640988 -0.0270902477 0.0076571079 0.0363701843 -0.02618731 0.00762539823 0.0364433937 -0.0248803329 0.00699359272 0.0340001807 -0.0406705141 0.0076571079 0.0363701843 -0.02618731 0.00884365756 0.0358080566 -0.0269093066 0.00995003898 0.0353640988 -0.0270902477 0.00699359272 0.0340001807 -0.0406705141 0.00884365756 0.0358080566 -0.0269093066 0.0290643014 0.0154799027 -0.0346162319 0.0291275997 0.0154584367 -0.0334812738 0.0298767108 0.013230917 -0.0352186412 0.0290643014 0.0154799027 -0.0346162319 0.0282402635 0.0172706544 -0.0342919268 0.0291275997 0.0154584367 -0.0334812738 0.0290643014 0.0154799027 -0.0346162319 0.0262300409 0.0166418385 -0.0411469452 0.0282402635 0.0172706544 -0.0342919268 0.0293091554 0.0149236452 -0.0297247097 0.0288153309 0.0157766044 -0.0293992627 0.0299066342 0.0130345281 -0.0298349708 0.0296808481 0.0139876716 -0.0298724305 0.0293091554 0.0149236452 -0.0297247097 0.0299066342 0.0130345281 -0.0298349708 0.030866446 0.0103660375 -0.0303434599 0.0296808481 0.0139876716 -0.0298724305 0.0299066342 0.0130345281 -0.0298349708 0.0296808481 0.0139876716 -0.0298724305 0.030866446 0.0103660375 -0.0303434599 0.0305001158 0.0117504522 -0.0303780194 0.0291275997 0.0154584367 -0.0334812738 0.0296808481 0.0139876716 -0.0298724305 0.0305001158 0.0117504522 -0.0303780194 0.0293091554 0.0149236452 -0.0297247097 0.0296808481 0.0139876716 -0.0298724305 0.0291275997 0.0154584367 -0.0334812738 0.0282402635 0.0172706544 -0.0342919268 0.0280114431 0.017840188 -0.0293950327 0.0291275997 0.0154584367 -0.0334812738 0.0280114431 0.017840188 -0.0293950327 0.0293091554 0.0149236452 -0.0297247097 0.0291275997 0.0154584367 -0.0334812738 0.0280114431 0.017840188 -0.0293950327 0.0288153309 0.0157766044 -0.0293992627 0.0293091554 0.0149236452 -0.0297247097 0.0280114431 0.017840188 -0.0293950327 0.0274899602 0.0184851699 -0.0288699977 0.0288153309 0.0157766044 -0.0293992627 0.0199733991 0.0228043254 -0.0456575677 0.0155299325 0.0262933597 -0.0461881496 0.0164613742 0.0277396701 -0.0435017906 0.0165779628 0.0198604073 -0.0487808399 0.0184422154 0.0214767754 -0.047597751 0.0232451614 0.00846984703 -0.0488084666 0.0184422154 0.0214767754 -0.047597751 0.0254399255 0.00909773447 -0.0477138981 0.0232451614 0.00846984703 -0.0488084666 0.0184422154 0.0214767754 -0.047597751 0.0199733991 0.0228043254 -0.0456575677 0.0254399255 0.00909773447 -0.0477138981 0.0184422154 0.0214767754 -0.047597751 0.0165779628 0.0198604073 -0.0487808399 0.0141063957 0.0241908468 -0.0481290482 0.0155299325 0.0262933597 -0.0461881496 0.0184422154 0.0214767754 -0.047597751 0.0141063957 0.0241908468 -0.0481290482 0.0199733991 0.0228043254 -0.0456575677 0.0184422154 0.0214767754 -0.047597751 0.0155299325 0.0262933597 -0.0461881496 0.024859786 0.0227028579 -0.0278196968 0.0239738822 0.0235946812 -0.0274199173 0.0261610746 0.0204323083 -0.0282946527 0.0315064788 0.00704966206 -0.0304738879 0.0315464176 0.00581777748 -0.0304487571 0.0318681635 0.00467017945 -0.0306183156 0.0315464176 0.00581777748 -0.0304487571 0.0301713999 -0.0117200976 -0.029898759 0.031931702 -0.00204448658 -0.0306029301 0.0301713999 -0.0117200976 -0.029898759 0.0315464176 0.00581777748 -0.0304487571 0.0295355972 -0.0135609796 -0.029644439 0.0315464176 0.00581777748 -0.0304487571 0.0250334796 -0.0221463721 -0.0278435592 0.0295355972 -0.0135609796 -0.029644439 0.0315464176 0.00581777748 -0.0304487571 0.0307533182 0.00969672762 -0.0301314499 0.0250334796 -0.0221463721 -0.0278435592 0.000460572279 -0.0385441184 -0.0185150895 -0.000368944864 -0.0386343189 -0.0179381389 -0.00143849116 -0.038800858 -0.0175133497 -0.00309269968 -0.0385759883 -0.0165932532 -0.000368944864 -0.0386343189 -0.0179381389 0.00231487327 -0.0376714356 -0.0187560469 -0.000368944864 -0.0386343189 -0.0179381389 -0.00309269968 -0.0385759883 -0.0165932532 -0.00143849116 -0.038800858 -0.0175133497 -0.00695019262 -0.0392500386 -0.015588657 -0.00576561037 -0.03916917 -0.0157957301 -0.00872009248 -0.0391744301 -0.0146893756 -0.00695019262 -0.0392500386 -0.015588657 -0.0050793807 -0.0391453765 -0.0211712196 -0.00576561037 -0.03916917 -0.0157957301 -0.00576561037 -0.03916917 -0.0157957301 -0.00492142932 -0.0387063883 -0.0158616006 -0.00676410692 -0.0387500189 -0.0151244812 -0.00676410692 -0.0387500189 -0.0151244812 -0.00492142932 -0.0387063883 -0.0158616006 0.00231487327 -0.0376714356 -0.0187560469 -0.00492142932 -0.0387063883 -0.0158616006 -0.00309269968 -0.0385759883 -0.0165932532 0.00231487327 -0.0376714356 -0.0187560469 -0.00135546131 -0.0387897007 -0.0226378348 -0.00321256323 -0.0390119031 -0.0219064075 -0.00335912756 -0.0365222767 -0.0388477445 -0.00321256323 -0.0390119031 -0.0219064075 -0.0050793807 -0.0391453765 -0.0211712196 -0.00335912756 -0.0365222767 -0.0388477445 -0.0165916625 -0.0378791839 -0.0113694174 -0.0141076976 -0.0380478688 -0.012187127 -0.0159019772 -0.0376575105 -0.011469462 -0.012292021 -0.0383536071 -0.0129134161 -0.0141076976 -0.0380478688 -0.012187127 -0.0165916625 -0.0378791839 -0.0113694174 -0.0159019772 -0.0376575105 -0.011469462 -0.0141076976 -0.0380478688 -0.012187127 -0.01942789 -0.0366226099 -0.0100590531 -0.0141076976 -0.0380478688 -0.012187127 -0.00676410692 -0.0387500189 -0.0151244812 -0.01942789 -0.0366226099 -0.0100590531 -0.0141076976 -0.0380478688 -0.012187127 -0.012292021 -0.0383536071 -0.0129134161 -0.00676410692 -0.0387500189 -0.0151244812 -0.0106915766 -0.0390713103 -0.0141112776 -0.0125511223 -0.0388483591 -0.0133768218 -0.011200361 -0.0389571972 -0.0187601969 -0.00908016413 -0.0391312242 -0.0195952877 -0.0106915766 -0.0390713103 -0.0141112776 -0.011200361 -0.0389571972 -0.0187601969 -0.0125511223 -0.0388483591 -0.0133768218 -0.0134686762 -0.0386668555 -0.0128081413 -0.0143899256 -0.0385384858 -0.0126506789 -0.0134686762 -0.0386668555 -0.0128081413 -0.0165916625 -0.0378791839 -0.0113694174 -0.016207451 -0.0381426625 -0.01193255 -0.0143899256 -0.0385384858 -0.0126506789 -0.0134686762 -0.0386668555 -0.0128081413 -0.016207451 -0.0381426625 -0.01193255 -0.0134686762 -0.0386668555 -0.0128081413 -0.012292021 -0.0383536071 -0.0129134161 -0.0165916625 -0.0378791839 -0.0113694174 -0.010457091 -0.0385736227 -0.0136474222 -0.0134686762 -0.0386668555 -0.0128081413 -0.00872009248 -0.0391744301 -0.0146893756 -0.012292021 -0.0383536071 -0.0129134161 -0.0134686762 -0.0386668555 -0.0128081413 -0.010457091 -0.0385736227 -0.0136474222 -0.0134686762 -0.0386668555 -0.0128081413 -0.0106915766 -0.0390713103 -0.0141112776 -0.00872009248 -0.0391744301 -0.0146893756 -0.0106915766 -0.0390713103 -0.0141112776 -0.0134686762 -0.0386668555 -0.0128081413 -0.0125511223 -0.0388483591 -0.0133768218 -0.0255999509 -0.0343321078 -0.00778352143 -0.0249711219 -0.0348684341 -0.00847213622 -0.0237516109 -0.03527743 -0.00851926021 -0.0249711219 -0.0348684341 -0.00847213622 -0.0232657138 -0.0356982723 -0.00914567523 -0.0237516109 -0.03527743 -0.00851926021 -0.0249711219 -0.0348684341 -0.00847213622 -0.0255999509 -0.0343321078 -0.00778352143 -0.0266309921 -0.0339592397 -0.00781668164 -0.0249711219 -0.0348684341 -0.00847213622 -0.0235116426 -0.0355131514 -0.0139099304 -0.0232657138 -0.0356982723 -0.00914567523 -0.0187922064 -0.0373791493 -0.0106986901 -0.0208718125 -0.03665483 -0.00987509079 -0.0197789613 -0.0370941982 -0.0105220033 -0.0232657138 -0.0356982723 -0.00914567523 -0.0208718125 -0.03665483 -0.00987509079 -0.0237516109 -0.03527743 -0.00851926021 -0.0208718125 -0.03665483 -0.00987509079 -0.0216829125 -0.0359819829 -0.00920123048 -0.0237516109 -0.03527743 -0.00851926021 -0.0176459495 -0.037593089 -0.0109496964 -0.0187922064 -0.0373791493 -0.0106986901 -0.0165916625 -0.0378791839 -0.0113694174 -0.0216829125 -0.0359819829 -0.00920123048 -0.0176459495 -0.037593089 -0.0109496964 -0.01942789 -0.0366226099 -0.0100590531 -0.0176459495 -0.037593089 -0.0109496964 -0.0208718125 -0.03665483 -0.00987509079 -0.0187922064 -0.0373791493 -0.0106986901 -0.0208718125 -0.03665483 -0.00987509079 -0.0176459495 -0.037593089 -0.0109496964 -0.0216829125 -0.0359819829 -0.00920123048 -0.0176459495 -0.037593089 -0.0109496964 -0.0159019772 -0.0376575105 -0.011469462 -0.01942789 -0.0366226099 -0.0100590531 -0.0176459495 -0.037593089 -0.0109496964 -0.0165916625 -0.0378791839 -0.0113694174 -0.0159019772 -0.0376575105 -0.011469462 0.0172329023 -0.0304250754 -0.0247235112 0.0164502338 -0.031272985 -0.0244618673 0.0198236182 -0.028450558 -0.0258088764 0.0164502338 -0.031272985 -0.0244618673 0.0188891962 -0.0295448266 -0.0257927347 0.0198236182 -0.028450558 -0.0258088764 0.0157305673 -0.0315521471 -0.0241224132 0.0164502338 -0.031272985 -0.0244618673 0.0172329023 -0.0304250754 -0.0247235112 0.000481077703 -0.0384807475 -0.0233612098 0.000460572279 -0.0385441184 -0.0185150895 -0.00135546131 -0.0387897007 -0.0226378348 0.000481077703 -0.0384807475 -0.0233612098 0.00229675439 -0.0380860344 -0.0240762569 0.000460572279 -0.0385441184 -0.0185150895 0.000481077703 -0.0384807475 -0.0233612098 -0.00135546131 -0.0387897007 -0.0226378348 -0.00335912756 -0.0365222767 -0.0388477445 0.00229675439 -0.0380860344 -0.0240762569 0.000481077703 -0.0384807475 -0.0233612098 -0.00335912756 -0.0365222767 -0.0388477445 0.00409073429 -0.0376058668 -0.0247828271 0.00229675439 -0.0380860344 -0.0240762569 -0.00335912756 -0.0365222767 -0.0388477445 0.0040903762 -0.0371987224 -0.0194663126 0.0157305673 -0.0315521471 -0.0241224132 0.00231487327 -0.0376714356 -0.0187560469 -0.00671606138 -0.0318844318 -0.0472008772 0.00426853867 -0.0323444493 -0.0458033904 -0.00674932078 -0.0344291925 -0.0447644778 0.00426853867 -0.0323444493 -0.0458033904 0.00497419806 -0.0336739309 -0.0436616875 -0.00674932078 -0.0344291925 -0.0447644778 0.0246405061 -0.0232075639 -0.0328746997 0.0253200606 -0.0221355632 -0.0334194265 0.0259039495 -0.0213821363 -0.0333720781 0.00497419806 -0.0336739309 -0.0436616875 0.0164614413 -0.027739631 -0.043501772 0.0113687022 -0.0317970589 -0.0410267487 0.0164614413 -0.027739631 -0.043501772 0.0165473912 -0.0281215049 -0.0424889699 0.0113687022 -0.0317970589 -0.0410267487 0.0209480021 -0.0236490294 -0.0432440676 0.0253200606 -0.0221355632 -0.0334194265 0.0246405061 -0.0232075639 -0.0328746997 0.0209480021 -0.0236490294 -0.0432440676 0.0164614413 -0.027739631 -0.043501772 0.0199733488 -0.0228043664 -0.045657482 0.0164614413 -0.027739631 -0.043501772 0.0209480021 -0.0236490294 -0.0432440676 0.0165473912 -0.0281215049 -0.0424889699 0.0209480021 -0.0236490294 -0.0432440676 0.0199733488 -0.0228043664 -0.045657482 0.0261939242 -0.0167126358 -0.0411442295 0.0209480021 -0.0236490294 -0.0432440676 0.026405165 -0.0204633698 -0.0338479169 0.0259039495 -0.0213821363 -0.0333720781 0.0253200606 -0.0221355632 -0.0334194265 0.0209480021 -0.0236490294 -0.0432440676 0.0259039495 -0.0213821363 -0.0333720781 0.0269185379 -0.0196015779 -0.0340506621 0.0209480021 -0.0236490294 -0.0432440676 0.0261939242 -0.0167126358 -0.0411442295 0.026405165 -0.0204633698 -0.0338479169 0.0209480021 -0.0236490294 -0.0432440676 0.0269185379 -0.0196015779 -0.0340506621 0.0276512578 -0.0182768032 -0.0343399718 0.0275076088 -0.0187091827 -0.029008979 0.0269185379 -0.0196015779 -0.0340506621 0.0276512578 -0.0182768032 -0.0343399718 0.0290921424 -0.0155404387 -0.0334671214 0.0275076088 -0.0187091827 -0.029008979 0.0276512578 -0.0182768032 -0.0343399718 0.0269185379 -0.0196015779 -0.0340506621 0.0261939242 -0.0167126358 -0.0411442295 0.0290921424 -0.0155404387 -0.0334671214 0.0292440727 -0.0150811039 -0.029698899 0.0275076088 -0.0187091827 -0.029008979 0.0292440727 -0.0150811039 -0.029698899 0.0290921424 -0.0155404387 -0.0334671214 0.0306176022 -0.011198475 -0.0352277867 0.0275076088 -0.0187091827 -0.029008979 0.0259780344 -0.0212842766 -0.0284013841 0.0259039495 -0.0213821363 -0.0333720781 -0.0450024009 -0.00753410021 0.000115917494 -0.0444838405 -0.00887702033 -3.66255445e-05 -0.045178175 -0.00658152625 0.000186061065 -0.0450024009 -0.00753410021 0.000115917494 -0.0443413258 -0.0103398422 -0.00014831686 -0.0444838405 -0.00887702033 -3.66255445e-05 -0.0455694199 -0.00565582654 0.000161846197 -0.0450024009 -0.00753410021 0.000115917494 -0.045178175 -0.00658152625 0.000186061065 -0.0452069044 -0.0085433051 -0.000240703885 -0.0450024009 -0.00753410021 0.000115917494 -0.0455694199 -0.00565582654 0.000161846197 -0.0450024009 -0.00753410021 0.000115917494 -0.0452069044 -0.0085433051 -0.000240703885 -0.0449845195 -0.00948574394 -0.000328725961 -0.0443413258 -0.0103398422 -0.00014831686 -0.0450024009 -0.00753410021 0.000115917494 -0.0449845195 -0.00948574394 -0.000328725961 -0.0443413258 -0.0103398422 -0.00014831686 -0.0439069271 -0.0110472096 -0.000267470808 -0.0444838405 -0.00887702033 -3.66255445e-05 -0.0439069271 -0.0110472096 -0.000267470808 -0.0432084203 -0.0131687978 -0.000546894036 -0.0444838405 -0.00887702033 -3.66255445e-05 -0.0439069271 -0.0110472096 -0.000267470808 -0.0443413258 -0.0103398422 -0.00014831686 -0.0437896848 -0.0121658891 -0.000368646492 -0.0432084203 -0.0131687978 -0.000546894036 -0.0439069271 -0.0110472096 -0.000267470808 -0.0437896848 -0.0121658891 -0.000368646492 -0.0438645519 0.0111876735 -0.000284258218 -0.0426847376 0.0151173631 -0.000810162397 -0.0437123813 0.0123995235 -0.000399627956 -0.0426847376 0.0151173631 -0.000810162397 -0.0434512533 0.0142938066 -0.000935489952 -0.0437123813 0.0123995235 -0.000399627956 -0.0408813357 -0.018373264 -0.00147760997 -0.0438645519 0.0111876735 -0.000284258218 -0.0444838405 -0.00887702033 -3.66255445e-05 -0.0408813357 -0.018373264 -0.00147760997 -0.0432084203 -0.0131687978 -0.000546894036 -0.0416724682 -0.0168224405 -0.00116128079 -0.0432084203 -0.0131687978 -0.000546894036 -0.0408813357 -0.018373264 -0.00147760997 -0.0444838405 -0.00887702033 -3.66255445e-05 -0.0415216684 -0.0176254064 -0.00127479283 -0.0408813357 -0.018373264 -0.00147760997 -0.0416724682 -0.0168224405 -0.00116128079 -0.0438645519 0.0111876735 -0.000284258218 -0.0389555134 0.0215707645 -0.00224804529 -0.0418549217 0.0169531144 -0.0011416754 -0.0397906341 0.0213675313 -0.00749610411 -0.0385291614 0.0231919624 -0.00799337029 -0.0369317494 0.020290954 -0.0362817086 -0.040953815 0.0194622409 -0.00703780213 -0.0397906341 0.0213675313 -0.00749610411 -0.0369317494 0.020290954 -0.0362817086 -0.0397906341 0.0213675313 -0.00749610411 -0.0391960181 0.022377789 -0.00285475911 -0.0385291614 0.0231919624 -0.00799337029 -0.0391960181 0.022377789 -0.00285475911 -0.0412614979 0.019060187 -0.00203904579 -0.0397406258 0.0214835238 -0.00240383996 -0.0397906341 0.0213675313 -0.00749610411 -0.0412614979 0.019060187 -0.00203904579 -0.0391960181 0.022377789 -0.00285475911 -0.0412614979 0.019060187 -0.00203904579 -0.0397906341 0.0213675313 -0.00749610411 -0.040953815 0.0194622409 -0.00703780213 -0.0412614979 0.019060187 -0.00203904579 -0.040641252 0.0197261348 -0.00179833965 -0.0397406258 0.0214835238 -0.00240383996 -0.0412614979 0.019060187 -0.00203904579 -0.0421794094 0.0173050985 -0.00167647214 -0.040641252 0.0197261348 -0.00179833965 -0.0412614979 0.019060187 -0.00203904579 -0.040953815 0.0194622409 -0.00703780213 -0.0420166291 0.0174740236 -0.00661898032 -0.0421794094 0.0173050985 -0.00167647214 -0.0412614979 0.019060187 -0.00203904579 -0.0420166291 0.0174740236 -0.00661898032 -0.0421794094 0.0173050985 -0.00167647214 -0.0430048145 0.0155113544 -0.00135047117 -0.0434512533 0.0142938066 -0.000935489952 -0.0430048145 0.0155113544 -0.00135047117 -0.0437895097 0.0133981528 -0.000801632763 -0.0434512533 0.0142938066 -0.000935489952 -0.0437895097 0.0133981528 -0.000801632763 -0.0430048145 0.0155113544 -0.00135047117 -0.0443784632 0.011819494 -0.000808029494 -0.0429658331 0.0154222567 -0.00624482939 -0.0430390835 0.0154313194 -0.0046144831 -0.0420166291 0.0174740236 -0.00661898032 -0.0430390835 0.0154313194 -0.0046144831 -0.0421794094 0.0173050985 -0.00167647214 -0.0420166291 0.0174740236 -0.00661898032 -0.0430390835 0.0154313194 -0.0046144831 -0.0430048145 0.0155113544 -0.00135047117 -0.0421794094 0.0173050985 -0.00167647214 -0.0430390835 0.0154313194 -0.0046144831 -0.0429658331 0.0154222567 -0.00624482939 -0.0439290442 0.0130119761 -0.00535002258 -0.0430390835 0.0154313194 -0.0046144831 -0.0439290442 0.0130119761 -0.00535002258 -0.0443784632 0.011819494 -0.000808029494 -0.0430048145 0.0155113544 -0.00135047117 -0.0430390835 0.0154313194 -0.0046144831 -0.0443784632 0.011819494 -0.000808029494 -0.0461998582 -6.99562661e-05 -0.00335025392 -0.046151638 -0.00194899424 -0.000107788328 -0.0461999774 3.98217453e-05 -8.86521011e-05 -0.0461475253 0.00203066715 -0.00010947066 -0.0461998582 -6.99562661e-05 -0.00335025392 -0.0461999774 3.98217453e-05 -8.86521011e-05 -0.0461281575 -4.51216765e-05 -0.00499872537 -0.0461998582 -6.99562661e-05 -0.00335025392 -0.0460648537 0.00222450262 -0.00502367271 -0.0461998582 -6.99562661e-05 -0.00335025392 -0.0461475253 0.00203066715 -0.00010947066 -0.0460648537 0.00222450262 -0.00502367271 -0.0444989838 0.0111840395 -0.00564076006 -0.0439290442 0.0130119761 -0.00535002258 -0.0411835872 0.0115893586 -0.0359264538 -0.0450814366 0.00899716653 -0.00541126495 -0.0444989838 0.0111840395 -0.00564076006 -0.0411835872 0.0115893586 -0.0359264538 -0.0439290442 0.0130119761 -0.00535002258 -0.0444989838 0.0111840395 -0.00564076006 -0.0443784632 0.011819494 -0.000808029494 -0.0449255742 0.00992105249 -0.000591940945 -0.0450814366 0.00899716653 -0.00541126495 -0.0457360782 0.00601730542 -0.000271927449 -0.0444989838 0.0111840395 -0.00564076006 -0.0449255742 0.00992105249 -0.000591940945 -0.0443784632 0.011819494 -0.000808029494 -0.0449255742 0.00992105249 -0.000591940945 -0.0444989838 0.0111840395 -0.00564076006 -0.0450814366 0.00899716653 -0.00541126495 -0.0455694199 -0.00565582654 0.000161846197 -0.045882225 -0.00277141714 0.000286195835 -0.0460020304 -0.0039359061 -0.000166845246 -0.045882225 -0.00277141714 0.000286195835 -0.046151638 -0.00194899424 -0.000107788328 -0.0460020304 -0.0039359061 -0.000166845246 -0.046151638 -0.00194899424 -0.000107788328 -0.045882225 -0.00277141714 0.000286195835 -0.0461999774 3.98217453e-05 -8.86521011e-05 -0.045882225 -0.00277141714 0.000286195835 -0.0457236767 0.00107720448 0.000403918501 -0.0461999774 3.98217453e-05 -8.86521011e-05 -0.0449516214 0.0077893273 9.55190262e-05 -0.0445221066 0.00965841115 -7.60614712e-05 -0.0453708209 0.00687844353 8.28983466e-05 -0.0445221066 0.00965841115 -7.60614712e-05 -0.0449516214 0.0077893273 9.55190262e-05 -0.0438645519 0.0111876735 -0.000284258218 -0.0454256572 0.00492430944 0.000284947891 -0.0449516214 0.0077893273 9.55190262e-05 -0.0453708209 0.00687844353 8.28983466e-05 -0.0449516214 0.0077893273 9.55190262e-05 -0.0454256572 0.00492430944 0.000284947891 -0.0438645519 0.0111876735 -0.000284258218 -0.0454256572 0.00492430944 0.000284947891 -0.0455145277 7.65464138e-05 0.00037550024 -0.0438645519 0.0111876735 -0.000284258218 0.000579174317 0.038046997 -0.0180618539 0.00589972362 0.0366223231 -0.0201900695 0.0041469899 0.0371819958 -0.0194890425 0.00589972362 0.0366223231 -0.0201900695 0.000579174317 0.038046997 -0.0180618539 -0.00307172933 0.0385731049 -0.0166014899 0.00524538383 0.0372491926 -0.0201671291 0.00589972362 0.0366223231 -0.0201900695 0.0104905348 0.0349307954 -0.022082312 0.00589972362 0.0366223231 -0.0201900695 0.00524538383 0.0372491926 -0.0201671291 0.0041469899 0.0371819958 -0.0194890425 -0.0180111583 0.0370818488 -0.0106256614 -0.0313499607 0.0299517419 -0.00529018603 -0.0355493464 0.0259423312 -0.00361040141 -0.0147579955 0.0381148793 -0.0119681954 -0.0180111583 0.0370818488 -0.0106256614 -0.0116482424 0.0384412222 -0.0131709576 -0.0371706523 0.0249365494 -0.00852848403 -0.0365796722 0.0256683063 -0.0082934387 -0.0357164778 0.0266018547 -0.0091016693 -0.0380552448 0.0239386912 -0.0033050878 -0.0365796722 0.0256683063 -0.0082934387 -0.0371706523 0.0249365494 -0.00852848403 -0.0342104472 0.0282390043 -0.00482344301 -0.0380552448 0.0239386912 -0.0033050878 -0.0372485556 0.024633687 -0.0031481937 -0.0342104472 0.0282390043 -0.00482344301 -0.0365796722 0.0256683063 -0.0082934387 -0.0380552448 0.0239386912 -0.0033050878 -0.0143604921 0.0385440886 -0.0126622766 -0.0154231833 0.0382602178 -0.0170960464 -0.0161863603 0.038147822 -0.0119406171 -0.0143604921 0.0385440886 -0.0126622766 -0.0161863603 0.038147822 -0.0119406171 -0.0175448097 0.0377522074 -0.0111927604 -0.0147579955 0.0381148793 -0.0119681954 -0.0143604921 0.0385440886 -0.0126622766 -0.0175448097 0.0377522074 -0.0111927604 -0.0224904418 0.0329362266 -0.0374116823 -0.0234831013 0.0355259106 -0.0139210932 -0.0215139426 0.036378365 -0.0146973189 -0.0291123427 0.0323132761 -0.011703264 -0.0272978004 0.033486221 -0.0124188848 -0.0305480938 0.027580535 -0.0367904194 -0.0272978004 0.033486221 -0.0124188848 -0.0224904418 0.0329362266 -0.0374116823 -0.0305480938 0.027580535 -0.0367904194 -0.0132970819 0.0359967761 -0.0381039307 -0.0133319534 0.0386643447 -0.0179209504 -0.0112137832 0.0389556997 -0.0187549908 -0.0154231833 0.0382602178 -0.0170960464 -0.0133319534 0.0386643447 -0.0179209504 -0.0132970819 0.0359967761 -0.0381039307 -0.0143604921 0.0385440886 -0.0126622766 -0.0133319534 0.0386643447 -0.0179209504 -0.0154231833 0.0382602178 -0.0170960464 -0.0224904418 0.0329362266 -0.0374116823 -0.017483715 0.0377445482 -0.0162844528 -0.0132970819 0.0359967761 -0.0381039307 -0.017483715 0.0377445482 -0.0162844528 -0.0154231833 0.0382602178 -0.0170960464 -0.0132970819 0.0359967761 -0.0381039307 -0.0161863603 0.038147822 -0.0119406171 -0.017483715 0.0377445482 -0.0162844528 -0.0175448097 0.0377522074 -0.0111927604 -0.0154231833 0.0382602178 -0.0170960464 -0.017483715 0.0377445482 -0.0162844528 -0.0161863603 0.038147822 -0.0119406171 -0.000357630837 0.0386323109 -0.023030825 -0.00363367819 0.0365450829 -0.0388260894 -0.00199348084 0.0388757251 -0.0223865993 -0.000357630837 0.0386323109 -0.023030825 0.00127076823 0.0383193344 -0.0236721076 -0.00363367819 0.0365450829 -0.0388260894 0.00127076823 0.0383193344 -0.0236721076 -0.000357630837 0.0386323109 -0.023030825 -0.000325087749 0.0386860184 -0.0182049498 0.0272427853 -0.00961342454 -0.0459189117 0.0254398659 -0.00909775682 -0.0477138571 0.0277646258 1.68233441e-07 -0.0469292663 0.029565936 3.14212059e-07 -0.0443469472 0.0272427853 -0.00961342454 -0.0459189117 0.0277646258 1.68233441e-07 -0.0469292663 0.0283895805 -0.00994161237 -0.0436859354 0.0272427853 -0.00961342454 -0.0459189117 0.029565936 3.14212059e-07 -0.0443469472 0.0272427853 -0.00961342454 -0.0459189117 0.0199733488 -0.0228043664 -0.045657482 0.0254398659 -0.00909775682 -0.0477138571 0.0199733488 -0.0228043664 -0.045657482 0.0272427853 -0.00961342454 -0.0459189117 0.0261939242 -0.0167126358 -0.0411442295 0.0272427853 -0.00961342454 -0.0459189117 0.0283895805 -0.00994161237 -0.0436859354 0.0261939242 -0.0167126358 -0.0411442295 0.0314169601 -0.0076950565 -0.0358264856 0.0315958336 -0.00673781941 -0.035897322 0.0312019046 -0.00900787208 -0.0354577973 0.0283895805 -0.00994161237 -0.0436859354 0.0314169601 -0.0076950565 -0.0358264856 0.0312019046 -0.00900787208 -0.0354577973 0.0314169601 -0.0076950565 -0.0358264856 0.0283895805 -0.00994161237 -0.0436859354 0.0315958336 -0.00673781941 -0.035897322 0.0179021936 0.0301376693 -0.0250415783 0.0194928031 0.0287571549 -0.02567688 0.0174275618 0.0307624303 -0.0252154954 0.0194928031 0.0287571549 -0.02567688 0.0210831165 0.0274074599 -0.0264569316 0.0174275618 0.0307624303 -0.0252154954 0.0194928031 0.0287571549 -0.02567688 0.0179021936 0.0301376693 -0.0250415783 0.0187537652 0.029161917 -0.025331594 0.0203110576 0.0282383785 -0.0299545955 0.0183799248 0.0299133211 -0.0304096453 0.0174275618 0.0307624303 -0.0252154954 0.0210831165 0.0274074599 -0.0264569316 0.0203110576 0.0282383785 -0.0299545955 0.0174275618 0.0307624303 -0.0252154954 0.0203110576 0.0282383785 -0.0299545955 0.0197480321 0.0286121089 -0.0312185697 0.0183799248 0.0299133211 -0.0304096453 0.0197480321 0.0286121089 -0.0312185697 0.0203110576 0.0282383785 -0.0299545955 0.0216344595 0.0268224105 -0.0316909887 0.0203110576 0.0282383785 -0.0299545955 0.0221146941 0.0263777431 -0.0270664375 0.0216344595 0.0268224105 -0.0316909887 0.0203110576 0.0282383785 -0.0299545955 0.0210831165 0.0274074599 -0.0264569316 0.0221146941 0.0263777431 -0.0270664375 0.0177346468 0.0303670224 -0.0304230303 0.0183799248 0.0299133211 -0.0304096453 0.0163438935 0.0285627507 -0.0415178202 0.0163854342 0.0314931199 -0.0296242535 0.0177346468 0.0303670224 -0.0304230303 0.0163438935 0.0285627507 -0.0415178202 0.0177346468 0.0303670224 -0.0304230303 0.0163854342 0.0314931199 -0.0296242535 0.0183799248 0.0299133211 -0.0304096453 0.0183799248 0.0299133211 -0.0304096453 0.0190888643 0.0292136129 -0.0309581012 0.0163438935 0.0285627507 -0.0415178202 0.0190888643 0.0292136129 -0.0309581012 0.0197480321 0.0286121089 -0.0312185697 0.0163438935 0.0285627507 -0.0415178202 0.0197480321 0.0286121089 -0.0312185697 0.0190888643 0.0292136129 -0.0309581012 0.0183799248 0.0299133211 -0.0304096453 0.0165473837 0.0281223767 -0.0424865931 0.0207086802 0.0276842229 -0.0315981172 0.0216344595 0.0268224105 -0.0316909887 0.0207086802 0.0276842229 -0.0315981172 0.0197480321 0.0286121089 -0.0312185697 0.0216344595 0.0268224105 -0.0316909887 0.0197480321 0.0286121089 -0.0312185697 0.0207086802 0.0276842229 -0.0315981172 0.0165473837 0.0281223767 -0.0424865931 0.0229136348 0.025391072 -0.0321946554 0.02229774 0.025999967 -0.0322258212 0.0216344595 0.0268224105 -0.0316909887 0.023566246 0.0244979616 -0.0327268615 0.0229136348 0.025391072 -0.0321946554 0.0241230745 0.0238960721 -0.0326709822 0.0223472174 -0.0258548055 -0.0268164705 0.0214360449 -0.0265769567 -0.026404582 0.0198236182 -0.028450558 -0.0258088764 0.032093171 -0.00402311329 -0.0310070012 0.0321489014 -0.0029753882 -0.0308530405 0.0319551267 -0.00489625847 -0.030775968 0.0321489014 -0.0029753882 -0.0308530405 0.0321345963 -0.00105185318 -0.0307248253 0.0319551267 -0.00489625847 -0.030775968 0.0321489014 -0.0029753882 -0.0308530405 0.0321871713 -0.00223645288 -0.0358457007 0.0322998203 -8.71692318e-05 -0.0347501561 0.0321871713 -0.00223645288 -0.0358457007 0.0321489014 -0.0029753882 -0.0308530405 0.032093171 -0.00402311329 -0.0310070012 0.0321487226 -9.74965733e-05 -0.0307303611 0.0321489014 -0.0029753882 -0.0308530405 0.0322998203 -8.71692318e-05 -0.0347501561 0.0321345963 -0.00105185318 -0.0307248253 0.0321489014 -0.0029753882 -0.0308530405 0.0321487226 -9.74965733e-05 -0.0307303611 0.0320504941 0.00276431418 -0.030691186 0.0321588553 0.00268300343 -0.0358346477 0.0318681635 0.00467017945 -0.0306183156 0.0321588553 0.00268300343 -0.0358346477 0.0320504941 0.00276431418 -0.030691186 0.0322998203 -8.71692318e-05 -0.0347501561 0.0314787664 -0.00798718724 -0.0307644121 0.031285055 -0.008696476 -0.0305097681 0.0310255326 -0.00992137287 -0.0305855293 0.031285055 -0.008696476 -0.0305097681 0.0318359174 -0.0060166656 -0.0309055075 0.0319551267 -0.00489625847 -0.030775968 0.031285055 -0.008696476 -0.0305097681 0.0314787664 -0.00798718724 -0.0307644121 0.0318359174 -0.0060166656 -0.0309055075 0.0307457484 0.010502357 -0.0355615728 0.0304780025 0.0114201969 -0.0354560055 0.0305001158 0.0117504522 -0.0303780194 0.0304780025 0.0114201969 -0.0354560055 0.0301885642 0.0123297079 -0.0353416055 0.0305001158 0.0117504522 -0.0303780194 0.0304780025 0.0114201969 -0.0354560055 0.0307457484 0.010502357 -0.0355615728 0.0283894595 0.00994155742 -0.0436858758 0.0301885642 0.0123297079 -0.0353416055 0.0304780025 0.0114201969 -0.0354560055 0.0283894595 0.00994155742 -0.0436858758 0.0314326324 0.00796696451 -0.0355486311 0.0307457484 0.010502357 -0.0355615728 0.0305001158 0.0117504522 -0.0303780194 0.030866446 0.0103660375 -0.0303434599 0.0314326324 0.00796696451 -0.0355486311 0.0305001158 0.0117504522 -0.0303780194 0.0314326324 0.00796696451 -0.0355486311 0.030866446 0.0103660375 -0.0303434599 0.0313284397 0.00850305241 -0.0305270702 0.0312145967 0.00864135381 -0.0357467234 0.0314326324 0.00796696451 -0.0355486311 0.0315081514 0.00722331973 -0.0358625911 0.0314326324 0.00796696451 -0.0355486311 0.0317503847 0.0057860869 -0.0359583013 0.0315081514 0.00722331973 -0.0358625911 0.0317503847 0.0057860869 -0.0359583013 0.0314326324 0.00796696451 -0.0355486311 0.0313284397 0.00850305241 -0.0305270702 0.0283895805 -0.00994161237 -0.0436859354 0.0319396332 -0.00433442416 -0.0360329114 0.031751696 -0.00577694317 -0.0359588377 0.0319396332 -0.00433442416 -0.0360329114 0.0283895805 -0.00994161237 -0.0436859354 0.029565936 3.14212059e-07 -0.0443469472 0.0319396332 -0.00433442416 -0.0360329114 0.0321871713 -0.00223645288 -0.0358457007 0.032093171 -0.00402311329 -0.0310070012 0.0319396332 -0.00433442416 -0.0360329114 0.0318359174 -0.0060166656 -0.0309055075 0.031751696 -0.00577694317 -0.0359588377 0.0319396332 -0.00433442416 -0.0360329114 0.032093171 -0.00402311329 -0.0310070012 0.0318359174 -0.0060166656 -0.0309055075 0.0321683921 -0.000964973529 -0.0361232869 0.0320737995 -0.00289100921 -0.0360857956 0.029565936 3.14212059e-07 -0.0443469472 0.0321871713 -0.00223645288 -0.0358457007 0.0320737995 -0.00289100921 -0.0360857956 0.0321683921 -0.000964973529 -0.0361232869 0.0320737995 -0.00289100921 -0.0360857956 0.0319396332 -0.00433442416 -0.0360329114 0.029565936 3.14212059e-07 -0.0443469472 0.0319396332 -0.00433442416 -0.0360329114 0.0320737995 -0.00289100921 -0.0360857956 0.0321871713 -0.00223645288 -0.0358457007 0.0322513022 3.26903828e-05 -0.0358707085 0.0321588553 0.00268300343 -0.0358346477 0.0322998203 -8.71692318e-05 -0.0347501561 0.0321871713 -0.00223645288 -0.0358457007 0.0322513022 3.26903828e-05 -0.0358707085 0.0322998203 -8.71692318e-05 -0.0347501561 0.0322513022 3.26903828e-05 -0.0358707085 0.0321871713 -0.00223645288 -0.0358457007 0.0321683921 -0.000964973529 -0.0361232869 0.0322513022 3.26903828e-05 -0.0358707085 0.0321683921 -0.000964973529 -0.0361232869 0.029565936 3.14212059e-07 -0.0443469472 0.0319901146 0.00385532831 -0.0360528976 0.029565936 3.14212059e-07 -0.0443469472 0.031882409 0.00482088048 -0.0360103548 0.0321588553 0.00268300343 -0.0358346477 0.0319901146 0.00385532831 -0.0360528976 0.031882409 0.00482088048 -0.0360103548 0.0319901146 0.00385532831 -0.0360528976 0.0321588553 0.00268300343 -0.0358346477 0.029565936 3.14212059e-07 -0.0443469472 -0.0307681467 -0.0273873098 -0.0367732905 -0.032385461 -0.0259246491 -0.035600666 -0.0338336155 -0.0232169516 -0.0402554013 -0.032385461 -0.0259246491 -0.035600666 -0.0353357717 -0.0244674813 -0.0272019599 -0.0338336155 -0.0232169516 -0.0402554013 -0.0353357717 -0.0244674813 -0.0272019599 -0.032385461 -0.0259246491 -0.035600666 -0.0307681467 -0.0273873098 -0.0367732905 -0.0313278399 -0.0307624564 -0.00596192759 -0.0292565189 -0.032242164 -0.00655424176 -0.0299748722 -0.031555701 -0.00604236359 -0.0255999509 -0.0343321078 -0.00778352143 -0.0292565189 -0.032242164 -0.00655424176 -0.0266309921 -0.0339592397 -0.00781668164 -0.0292565189 -0.032242164 -0.00655424176 -0.0272557084 -0.0331335627 -0.00697454019 -0.0299748722 -0.031555701 -0.00604236359 -0.0272557084 -0.0331335627 -0.00697454019 -0.0292565189 -0.032242164 -0.00655424176 -0.0255999509 -0.0343321078 -0.00778352143 -0.0215327684 -0.0364404544 -0.0132170618 -0.0235116426 -0.0355131514 -0.0139099304 -0.0215486214 -0.0363643095 -0.0146836825 -0.0235116426 -0.0355131514 -0.0139099304 -0.0215327684 -0.0364404544 -0.0132170618 -0.0232657138 -0.0356982723 -0.00914567523 -0.0215327684 -0.0364404544 -0.0132170618 -0.0215486214 -0.0363643095 -0.0146836825 -0.0195342824 -0.0371101387 -0.0154773761 -0.0197789613 -0.0370941982 -0.0105220033 -0.0215327684 -0.0364404544 -0.0132170618 -0.0195342824 -0.0371101387 -0.0154773761 -0.0208718125 -0.03665483 -0.00987509079 -0.0215327684 -0.0364404544 -0.0132170618 -0.0197789613 -0.0370941982 -0.0105220033 -0.0215327684 -0.0364404544 -0.0132170618 -0.0208718125 -0.03665483 -0.00987509079 -0.0232657138 -0.0356982723 -0.00914567523 -0.020991791 -0.0309256129 -0.0442881994 -0.0338336155 -0.0232169516 -0.0402554013 -0.0323482081 -0.0219661295 -0.0438902155 -0.020991791 -0.0309256129 -0.0442881994 -0.0217627771 -0.0325465389 -0.0409283936 -0.0338336155 -0.0232169516 -0.0402554013 -0.020991791 -0.0309256129 -0.0442881994 -0.0323482081 -0.0219661295 -0.0438902155 -0.0197792538 -0.028378075 -0.0469891317 -0.0217627771 -0.0325465389 -0.0409283936 -0.020991791 -0.0309256129 -0.0442881994 -0.00674932078 -0.0344291925 -0.0447644778 -0.020991791 -0.0309256129 -0.0442881994 -0.00671606138 -0.0318844318 -0.0472008772 -0.00674932078 -0.0344291925 -0.0447644778 -0.00671606138 -0.0318844318 -0.0472008772 -0.020991791 -0.0309256129 -0.0442881994 -0.0197792538 -0.028378075 -0.0469891317 -0.0228083041 -0.032778915 -0.0373871811 -0.0272832457 -0.0334952883 -0.0124242958 -0.0307681467 -0.0273873098 -0.0367732905 -0.0217627771 -0.0325465389 -0.0409283936 -0.0228083041 -0.032778915 -0.0373871811 -0.0307681467 -0.0273873098 -0.0367732905 -0.0235116426 -0.0355131514 -0.0139099304 -0.0228083041 -0.032778915 -0.0373871811 -0.0215486214 -0.0363643095 -0.0146836825 -0.0215486214 -0.0363643095 -0.0146836825 -0.0228083041 -0.032778915 -0.0373871811 -0.0195342824 -0.0371101387 -0.0154773761 -0.0228083041 -0.032778915 -0.0373871811 -0.0147194164 -0.0356955677 -0.0379920118 -0.0195342824 -0.0371101387 -0.0154773761 -0.0228083041 -0.032778915 -0.0373871811 -0.0217627771 -0.0325465389 -0.0409283936 -0.0147194164 -0.0356955677 -0.0379920118 0.0155946063 0.0172347836 -0.0491499454 0.0127494372 0.0226069745 -0.0489027053 0.0165779628 0.0198604073 -0.0487808399 0.0127494372 0.0226069745 -0.0489027053 0.0155946063 0.0172347836 -0.0491499454 0.0109853791 0.0212788954 -0.0491499342 0.0165779628 0.0198604073 -0.0487808399 0.0127494372 0.0226069745 -0.0489027053 0.0141063957 0.0241908468 -0.0481290482 0.0127494372 0.0226069745 -0.0489027053 0.00265538879 0.0279593635 -0.0487374626 0.0141063957 0.0241908468 -0.0481290482 0.0127494372 0.0226069745 -0.0489027053 0.00275797048 0.0250069238 -0.0491500348 0.00265538879 0.0279593635 -0.0487374626 0.00275797048 0.0250069238 -0.0491500348 0.0127494372 0.0226069745 -0.0489027053 0.0109853791 0.0212788954 -0.0491499342 0.00275797048 0.0250069238 -0.0491500348 0.00495416485 0.00476519391 -0.0491500832 -0.0168457553 -0.00459971372 -0.0491501167 0.00495416485 0.00476519391 -0.0491500832 0.0155962799 -0.0172329918 -0.0491500758 -0.0168457553 -0.00459971372 -0.0491501167 0.00495416485 0.00476519391 -0.0491500832 0.00275797048 0.0250069238 -0.0491500348 0.0191839989 0.0121218357 -0.0491499938 0.022233909 -1.1698269e-09 -0.049150005 0.00495416485 0.00476519391 -0.0491500832 0.0191839989 0.0121218357 -0.0491499938 0.0155962799 -0.0172329918 -0.0491500758 0.00495416485 0.00476519391 -0.0491500832 0.022233909 -1.1698269e-09 -0.049150005 -0.0349380895 -0.00465287128 -0.0477001667 -0.0339611098 -0.00377191813 -0.0481819659 -0.0321555063 -0.0073486818 -0.0485676117 -0.0339611098 -0.00377191813 -0.0481819659 -0.0349284932 0.00464561628 -0.0477053672 -0.033953242 0.0037633921 -0.0481854044 -0.0339611098 -0.00377191813 -0.0481819659 -0.0349380895 -0.00465287128 -0.0477001667 -0.0349284932 0.00464561628 -0.0477053672 -0.0408090316 0.00556578021 -0.0420851782 -0.0401223823 0.00603044825 -0.0430529229 -0.0423653051 -3.83247698e-06 -0.0410230756 -0.0401223823 0.00603044825 -0.0430529229 -0.0390713774 0.00613327371 -0.0443711951 -0.0423653051 -3.83247698e-06 -0.0410230756 -0.0401223823 0.00603044825 -0.0430529229 -0.0408090316 0.00556578021 -0.0420851782 -0.0389767848 0.00928175356 -0.0436401293 -0.0390713774 0.00613327371 -0.0443711951 -0.0401223823 0.00603044825 -0.0430529229 -0.0389767848 0.00928175356 -0.0436401293 -0.0422067605 -0.0172491651 -0.00166567694 -0.0404202342 -0.0204080474 -0.00213497854 -0.0426056385 -0.0158929732 -0.00101694511 -0.0443999767 -0.0117507344 -0.000799481466 -0.0422067605 -0.0172491651 -0.00166567694 -0.0426056385 -0.0158929732 -0.00101694511 -0.0429909192 -0.0155441575 -0.00463388255 -0.0422067605 -0.0172491651 -0.00166567694 -0.0443999767 -0.0117507344 -0.000799481466 -0.0429909192 -0.0155441575 -0.00463388255 -0.0431759916 -0.0149816182 -0.00565161649 -0.0429397225 -0.0154836895 -0.00625519641 -0.0431759916 -0.0149816182 -0.00565161649 -0.0437669754 -0.0133984191 -0.00592930289 -0.0429397225 -0.0154836895 -0.00625519641 -0.0437669754 -0.0133984191 -0.00592930289 -0.0431759916 -0.0149816182 -0.00565161649 -0.0429909192 -0.0155441575 -0.00463388255 0.00605529547 0.0341726691 -0.0414836332 0.00803768635 0.0333794877 -0.0411016159 0.0053854594 0.0340596326 -0.0425381027 0.00449853903 0.0374831185 -0.024943443 0.00605529547 0.0341726691 -0.0414836332 0.00289076287 0.0379361883 -0.0243102368 0.00605529547 0.0341726691 -0.0414836332 0.00449853903 0.0374831185 -0.024943443 0.00608843332 0.0369609073 -0.0255696233 0.00605529547 0.0341726691 -0.0414836332 -0.00363367819 0.0365450829 -0.0388260894 0.00289076287 0.0379361883 -0.0243102368 -0.00363367819 0.0365450829 -0.0388260894 0.00605529547 0.0341726691 -0.0414836332 0.0053854594 0.0340596326 -0.0425381027 0.0076571079 0.0363701843 -0.02618731 0.00605529547 0.0341726691 -0.0414836332 0.00608843332 0.0369609073 -0.0255696233 0.00699359272 0.0340001807 -0.0406705141 0.00605529547 0.0341726691 -0.0414836332 0.0076571079 0.0363701843 -0.02618731 0.0111857634 0.0346803218 -0.027835222 0.00995003898 0.0353640988 -0.0270902477 0.0121693593 0.0342159942 -0.027964171 0.0113623152 0.0317853242 -0.0410551019 0.00812721252 0.0335900821 -0.0403342769 0.0113490829 0.0320343934 -0.0402658172 0.00803768635 0.0333794877 -0.0411016159 0.00812721252 0.0335900821 -0.0403342769 0.0113623152 0.0317853242 -0.0410551019 0.0113490829 0.0320343934 -0.0402658172 0.00812721252 0.0335900821 -0.0403342769 0.0121693593 0.0342159942 -0.027964171 0.00605529547 0.0341726691 -0.0414836332 0.00812721252 0.0335900821 -0.0403342769 0.00803768635 0.0333794877 -0.0411016159 0.00812721252 0.0335900821 -0.0403342769 0.00605529547 0.0341726691 -0.0414836332 0.00699359272 0.0340001807 -0.0406705141 0.00812721252 0.0335900821 -0.0403342769 0.0111857634 0.0346803218 -0.027835222 0.0121693593 0.0342159942 -0.027964171 0.00812721252 0.0335900821 -0.0403342769 0.00699359272 0.0340001807 -0.0406705141 0.00995003898 0.0353640988 -0.0270902477 0.0111857634 0.0346803218 -0.027835222 0.00812721252 0.0335900821 -0.0403342769 0.00995003898 0.0353640988 -0.0270902477 0.0283894595 0.00994155742 -0.0436858758 0.0295438208 0.0141236195 -0.0350871272 0.0298767108 0.013230917 -0.0352186412 0.0295438208 0.0141236195 -0.0350871272 0.0290643014 0.0154799027 -0.0346162319 0.0298767108 0.013230917 -0.0352186412 0.0262300409 0.0166418385 -0.0411469452 0.0295438208 0.0141236195 -0.0350871272 0.0283894595 0.00994155742 -0.0436858758 0.0290643014 0.0154799027 -0.0346162319 0.0295438208 0.0141236195 -0.0350871272 0.0262300409 0.0166418385 -0.0411469452 0.0307533182 0.00969672762 -0.0301314499 0.0280485172 0.0170184225 -0.0290496591 0.0261610746 0.0204323083 -0.0282946527 0.0280485172 0.0170184225 -0.0290496591 0.0274899602 0.0184851699 -0.0288699977 0.0261610746 0.0204323083 -0.0282946527 0.0274899602 0.0184851699 -0.0288699977 0.0280485172 0.0170184225 -0.0290496591 0.0288153309 0.0157766044 -0.0293992627 0.0280485172 0.0170184225 -0.0290496591 0.0307533182 0.00969672762 -0.0301314499 0.0299066342 0.0130345281 -0.0298349708 0.0288153309 0.0157766044 -0.0293992627 0.0280485172 0.0170184225 -0.0290496591 0.0299066342 0.0130345281 -0.0298349708 0.0263296962 0.0207134448 -0.0335396491 0.0267357808 0.0201449003 -0.0288915355 0.0282402635 0.0172706544 -0.0342919268 0.0267357808 0.0201449003 -0.0288915355 0.0280114431 0.017840188 -0.0293950327 0.0282402635 0.0172706544 -0.0342919268 0.0267357808 0.0201449003 -0.0288915355 0.0252620578 0.0223371536 -0.0331193097 0.0260553937 0.0211645849 -0.0284319837 0.0252620578 0.0223371536 -0.0331193097 0.0267357808 0.0201449003 -0.0288915355 0.0263296962 0.0207134448 -0.0335396491 0.0280114431 0.017840188 -0.0293950327 0.0267357808 0.0201449003 -0.0288915355 0.0274899602 0.0184851699 -0.0288699977 0.0272425469 0.0096134562 -0.0459188297 0.0262300409 0.0166418385 -0.0411469452 0.0283894595 0.00994155742 -0.0436858758 0.0272425469 0.0096134562 -0.0459188297 0.0199733991 0.0228043254 -0.0456575677 0.0262300409 0.0166418385 -0.0411469452 0.0199733991 0.0228043254 -0.0456575677 0.0272425469 0.0096134562 -0.0459188297 0.0254399255 0.00909773447 -0.0477138981 0.0254399255 0.00909773447 -0.0477138981 0.0272425469 0.0096134562 -0.0459188297 0.0277646258 1.68233441e-07 -0.0469292663 0.0272425469 0.0096134562 -0.0459188297 0.029565936 3.14212059e-07 -0.0443469472 0.0277646258 1.68233441e-07 -0.0469292663 0.0272425469 0.0096134562 -0.0459188297 0.0283894595 0.00994155742 -0.0436858758 0.029565936 3.14212059e-07 -0.0443469472 0.0199733991 0.0228043254 -0.0456575677 0.0209478773 0.0236489121 -0.043244049 0.0262300409 0.0166418385 -0.0411469452 0.0262300409 0.0166418385 -0.0411469452 0.0209478773 0.0236489121 -0.043244049 0.0269284267 0.0195846185 -0.0340544954 0.0209478773 0.0236489121 -0.043244049 0.0263296962 0.0207134448 -0.0335396491 0.0269284267 0.0195846185 -0.0340544954 0.0209478773 0.0236489121 -0.043244049 0.023566246 0.0244979616 -0.0327268615 0.0241230745 0.0238960721 -0.0326709822 0.0165473837 0.0281223767 -0.0424865931 0.0209478773 0.0236489121 -0.043244049 0.0164613742 0.0277396701 -0.0435017906 0.0209478773 0.0236489121 -0.043244049 0.0199733991 0.0228043254 -0.0456575677 0.0164613742 0.0277396701 -0.0435017906 0.023566246 0.0244979616 -0.0327268615 0.0209478773 0.0236489121 -0.043244049 0.0229136348 0.025391072 -0.0321946554 0.0209478773 0.0236489121 -0.043244049 0.02229774 0.025999967 -0.0322258212 0.0229136348 0.025391072 -0.0321946554 0.0209478773 0.0236489121 -0.043244049 0.0165473837 0.0281223767 -0.0424865931 0.0216344595 0.0268224105 -0.0316909887 0.02229774 0.025999967 -0.0322258212 0.0209478773 0.0236489121 -0.043244049 0.0216344595 0.0268224105 -0.0316909887 0.0274899602 0.0184851699 -0.0288699977 0.0270024519 0.0193626545 -0.0286754761 0.0261610746 0.0204323083 -0.0282946527 0.0270024519 0.0193626545 -0.0286754761 0.024859786 0.0227028579 -0.0278196968 0.0261610746 0.0204323083 -0.0282946527 0.024859786 0.0227028579 -0.0278196968 0.0270024519 0.0193626545 -0.0286754761 0.0260553937 0.0211645849 -0.0284319837 0.0270024519 0.0193626545 -0.0286754761 0.0267357808 0.0201449003 -0.0288915355 0.0260553937 0.0211645849 -0.0284319837 0.0267357808 0.0201449003 -0.0288915355 0.0270024519 0.0193626545 -0.0286754761 0.0274899602 0.0184851699 -0.0288699977 0.0237843394 0.0244117659 -0.0277259536 0.024859786 0.0227028579 -0.0278196968 0.0260553937 0.0211645849 -0.0284319837 0.0252620578 0.0223371536 -0.0331193097 0.0237843394 0.0244117659 -0.0277259536 0.0260553937 0.0211645849 -0.0284319837 0.0237843394 0.0244117659 -0.0277259536 0.0252620578 0.0223371536 -0.0331193097 0.0241230745 0.0238960721 -0.0326709822 0.0237843394 0.0244117659 -0.0277259536 0.0229136348 0.025391072 -0.0321946554 0.0221146941 0.0263777431 -0.0270664375 0.0229136348 0.025391072 -0.0321946554 0.0237843394 0.0244117659 -0.0277259536 0.0241230745 0.0238960721 -0.0326709822 0.0237843394 0.0244117659 -0.0277259536 0.0231247544 0.0251522921 -0.0272678491 0.024859786 0.0227028579 -0.0278196968 0.0210831165 0.0274074599 -0.0264569316 0.0231247544 0.0251522921 -0.0272678491 0.0221146941 0.0263777431 -0.0270664375 0.0231247544 0.0251522921 -0.0272678491 0.0237843394 0.0244117659 -0.0277259536 0.0221146941 0.0263777431 -0.0270664375 0.0307533182 0.00969672762 -0.0301314499 0.0311976075 0.00777417235 -0.0303092971 0.0315064788 0.00704966206 -0.0304738879 0.0311976075 0.00777417235 -0.0303092971 0.0315464176 0.00581777748 -0.0304487571 0.0315064788 0.00704966206 -0.0304738879 0.0315464176 0.00581777748 -0.0304487571 0.0311976075 0.00777417235 -0.0303092971 0.0307533182 0.00969672762 -0.0301314499 0.0315464176 0.00581777748 -0.0304487571 0.0317934193 0.00385477091 -0.0305475648 0.0318681635 0.00467017945 -0.0306183156 0.0317934193 0.00385477091 -0.0305475648 0.0320504941 0.00276431418 -0.030691186 0.0318681635 0.00467017945 -0.0306183156 0.0320504941 0.00276431418 -0.030691186 0.0317934193 0.00385477091 -0.0305475648 0.0319394507 0.00189009344 -0.0306060445 0.0319394507 0.00189009344 -0.0306060445 0.0317934193 0.00385477091 -0.0305475648 0.031931702 -0.00204448658 -0.0306029301 0.0317934193 0.00385477091 -0.0305475648 0.0315464176 0.00581777748 -0.0304487571 0.031931702 -0.00204448658 -0.0306029301 -0.00695019122 -0.039250046 -0.0190502033 -0.00908016413 -0.0391312242 -0.0195952877 -0.0069490592 -0.0391895249 -0.0204347186 -0.0050793807 -0.0391453765 -0.0211712196 -0.00695019122 -0.039250046 -0.0190502033 -0.0069490592 -0.0391895249 -0.0204347186 -0.00695019262 -0.0392500386 -0.015588657 -0.00695019122 -0.039250046 -0.0190502033 -0.0050793807 -0.0391453765 -0.0211712196 -0.00695019122 -0.039250046 -0.0190502033 -0.00695019262 -0.0392500386 -0.015588657 -0.00872009248 -0.0391744301 -0.0146893756 -0.0106915766 -0.0390713103 -0.0141112776 -0.00695019122 -0.039250046 -0.0190502033 -0.00872009248 -0.0391744301 -0.0146893756 -0.00695019122 -0.039250046 -0.0190502033 -0.0106915766 -0.0390713103 -0.0141112776 -0.00908016413 -0.0391312242 -0.0195952877 -0.0050793807 -0.0391453765 -0.0211712196 -0.00251340168 -0.0389377587 -0.0170868225 -0.00576561037 -0.03916917 -0.0157957301 -0.00321256323 -0.0390119031 -0.0219064075 -0.00251340168 -0.0389377587 -0.0170868225 -0.0050793807 -0.0391453765 -0.0211712196 -0.00309269968 -0.0385759883 -0.0165932532 -0.00251340168 -0.0389377587 -0.0170868225 -0.00143849116 -0.038800858 -0.0175133497 -0.00143849116 -0.038800858 -0.0175133497 -0.00251340168 -0.0389377587 -0.0170868225 -0.00135546131 -0.0387897007 -0.0226378348 -0.00251340168 -0.0389377587 -0.0170868225 -0.00321256323 -0.0390119031 -0.0219064075 -0.00135546131 -0.0387897007 -0.0226378348 -0.00492142932 -0.0387063883 -0.0158616006 -0.00251340168 -0.0389377587 -0.0170868225 -0.00309269968 -0.0385759883 -0.0165932532 -0.00251340168 -0.0389377587 -0.0170868225 -0.00492142932 -0.0387063883 -0.0158616006 -0.00576561037 -0.03916917 -0.0157957301 0.0188891962 -0.0295448266 -0.0257927347 0.0143452352 -0.0329122432 -0.0237806644 0.0163912866 -0.0314890817 -0.0296265054 0.0164502338 -0.031272985 -0.0244618673 0.0143452352 -0.0329122432 -0.0237806644 0.0188891962 -0.0295448266 -0.0257927347 0.00803769659 -0.0333794914 -0.0411015972 0.0053870189 -0.034060508 -0.0425344259 0.0113687022 -0.0317970589 -0.0410267487 0.00812746119 -0.033590205 -0.0403342284 0.00803769659 -0.0333794914 -0.0411015972 0.0113687022 -0.0317970589 -0.0410267487 0.00409073429 -0.0376058668 -0.0247828271 0.00605906174 -0.0341724977 -0.0414795093 0.00586361578 -0.0370397344 -0.0254810229 0.00803769659 -0.0333794914 -0.0411015972 0.00605906174 -0.0341724977 -0.0414795093 0.0053870189 -0.034060508 -0.0425344259 0.00605906174 -0.0341724977 -0.0414795093 0.00803769659 -0.0333794914 -0.0411015972 0.00812746119 -0.033590205 -0.0403342284 0.0053870189 -0.034060508 -0.0425344259 0.00605906174 -0.0341724977 -0.0414795093 -0.00335912756 -0.0365222767 -0.0388477445 0.00605906174 -0.0341724977 -0.0414795093 0.00409073429 -0.0376058668 -0.0247828271 -0.00335912756 -0.0365222767 -0.0388477445 0.0113461716 -0.0320358537 -0.0402658768 0.00812746119 -0.033590205 -0.0403342284 0.0113687022 -0.0317970589 -0.0410267487 0.0143959029 -0.0301643014 -0.0401958004 0.0113461716 -0.0320358537 -0.0402658768 0.0113687022 -0.0317970589 -0.0410267487 0.0113461716 -0.0320358537 -0.0402658768 0.0143959029 -0.0301643014 -0.0401958004 0.0163912866 -0.0314890817 -0.0296265054 0.0017569738 -0.0382129662 -0.0187820178 -0.000368944864 -0.0386343189 -0.0179381389 0.000460572279 -0.0385441184 -0.0185150895 -0.000368944864 -0.0386343189 -0.0179381389 0.0017569738 -0.0382129662 -0.0187820178 0.00231487327 -0.0376714356 -0.0187560469 0.00340498704 -0.0305596069 -0.0474799164 0.00426853867 -0.0323444493 -0.0458033904 -0.00671606138 -0.0318844318 -0.0472008772 0.00340498704 -0.0305596069 -0.0474799164 -0.00671606138 -0.0318844318 -0.0472008772 -0.00667493371 -0.0287862066 -0.0486864746 0.00265498064 -0.0279567875 -0.0487381667 0.00340498704 -0.0305596069 -0.0474799164 -0.00667493371 -0.0287862066 -0.0486864746 0.0141062243 -0.0241909344 -0.0481290407 0.00340498704 -0.0305596069 -0.0474799164 0.00265498064 -0.0279567875 -0.0487381667 0.0143959029 -0.0301643014 -0.0401958004 0.016344199 -0.028561959 -0.0415192209 0.0163912866 -0.0314890817 -0.0296265054 0.0165473912 -0.0281215049 -0.0424889699 0.016344199 -0.028561959 -0.0415192209 0.0113687022 -0.0317970589 -0.0410267487 0.016344199 -0.028561959 -0.0415192209 0.0143959029 -0.0301643014 -0.0401958004 0.0113687022 -0.0317970589 -0.0410267487 0.00426853867 -0.0323444493 -0.0458033904 0.015527674 -0.0262899157 -0.0461927764 0.00497419806 -0.0336739309 -0.0436616875 0.015527674 -0.0262899157 -0.0461927764 0.0164614413 -0.027739631 -0.043501772 0.00497419806 -0.0336739309 -0.0436616875 0.015527674 -0.0262899157 -0.0461927764 0.00340498704 -0.0305596069 -0.0474799164 0.0141062243 -0.0241909344 -0.0481290407 0.00340498704 -0.0305596069 -0.0474799164 0.015527674 -0.0262899157 -0.0461927764 0.00426853867 -0.0323444493 -0.0458033904 0.0164614413 -0.027739631 -0.043501772 0.015527674 -0.0262899157 -0.0461927764 0.0199733488 -0.0228043664 -0.045657482 0.018442044 -0.0214767288 -0.0475976951 0.015527674 -0.0262899157 -0.0461927764 0.0141062243 -0.0241909344 -0.0481290407 0.015527674 -0.0262899157 -0.0461927764 0.018442044 -0.0214767288 -0.0475976951 0.0199733488 -0.0228043664 -0.045657482 0.0202829912 -0.0281928573 -0.0311588142 0.016344199 -0.028561959 -0.0415192209 0.0165473912 -0.0281215049 -0.0424889699 0.0209480021 -0.0236490294 -0.0432440676 0.0218290761 -0.0266129263 -0.0317677148 0.0165473912 -0.0281215049 -0.0424889699 0.0218290761 -0.0266129263 -0.0317677148 0.0209480021 -0.0236490294 -0.0432440676 0.0226001218 -0.0256550405 -0.0323452167 0.0209480021 -0.0236490294 -0.0432440676 0.0232818201 -0.0249507446 -0.0323397405 0.0226001218 -0.0256550405 -0.0323452167 0.0232818201 -0.0249507446 -0.0323397405 0.0218290761 -0.0266129263 -0.0317677148 0.0226001218 -0.0256550405 -0.0323452167 0.0232818201 -0.0249507446 -0.0323397405 0.0246405061 -0.0232075639 -0.0328746997 0.0241543725 -0.0239392761 -0.0278720986 0.0218290761 -0.0266129263 -0.0317677148 0.0232818201 -0.0249507446 -0.0323397405 0.0241543725 -0.0239392761 -0.0278720986 0.0290921424 -0.0155404387 -0.0334671214 0.0291584805 -0.0150806876 -0.0349351205 0.0295352396 -0.0141459117 -0.0350837 0.0287581757 -0.0160058625 -0.0347770005 0.0291584805 -0.0150806876 -0.0349351205 0.0290921424 -0.0155404387 -0.0334671214 0.0295352396 -0.0141459117 -0.0350837 0.0291584805 -0.0150806876 -0.0349351205 0.0261939242 -0.0167126358 -0.0411442295 0.0291584805 -0.0150806876 -0.0349351205 0.0287581757 -0.0160058625 -0.0347770005 0.0261939242 -0.0167126358 -0.0411442295 0.028333433 -0.0169214811 -0.0346093588 0.0287581757 -0.0160058625 -0.0347770005 0.0290921424 -0.0155404387 -0.0334671214 0.0276512578 -0.0182768032 -0.0343399718 0.028333433 -0.0169214811 -0.0346093588 0.0290921424 -0.0155404387 -0.0334671214 0.0287581757 -0.0160058625 -0.0347770005 0.028333433 -0.0169214811 -0.0346093588 0.0261939242 -0.0167126358 -0.0411442295 0.028333433 -0.0169214811 -0.0346093588 0.0276512578 -0.0182768032 -0.0343399718 0.0261939242 -0.0167126358 -0.0411442295 0.0310255326 -0.00992137287 -0.0305855293 0.0308166202 -0.0105476407 -0.0303236321 0.0306176022 -0.011198475 -0.0352277867 0.0308166202 -0.0105476407 -0.0303236321 0.0292440727 -0.0150811039 -0.029698899 0.0306176022 -0.011198475 -0.0352277867 0.031285055 -0.008696476 -0.0305097681 0.0308166202 -0.0105476407 -0.0303236321 0.0310255326 -0.00992137287 -0.0305855293 0.0308166202 -0.0105476407 -0.0303236321 0.0301713999 -0.0117200976 -0.029898759 0.0295355972 -0.0135609796 -0.029644439 0.0292440727 -0.0150811039 -0.029698899 0.0308166202 -0.0105476407 -0.0303236321 0.0295355972 -0.0135609796 -0.029644439 0.0250334796 -0.0221463721 -0.0278435592 0.027989395 -0.0171385501 -0.0290259868 0.0295355972 -0.0135609796 -0.029644439 0.0269271806 -0.0194942039 -0.0286453366 0.027989395 -0.0171385501 -0.0290259868 0.0250334796 -0.0221463721 -0.0278435592 0.0287479814 -0.0159279127 -0.0293724556 0.0269271806 -0.0194942039 -0.0286453366 0.0275076088 -0.0187091827 -0.029008979 0.0292440727 -0.0150811039 -0.029698899 0.0287479814 -0.0159279127 -0.0293724556 0.0275076088 -0.0187091827 -0.029008979 0.0287479814 -0.0159279127 -0.0293724556 0.027989395 -0.0171385501 -0.0290259868 0.0269271806 -0.0194942039 -0.0286453366 0.0287479814 -0.0159279127 -0.0293724556 0.0292440727 -0.0150811039 -0.029698899 0.0295355972 -0.0135609796 -0.029644439 0.027989395 -0.0171385501 -0.0290259868 0.0287479814 -0.0159279127 -0.0293724556 0.0295355972 -0.0135609796 -0.029644439 0.0269271806 -0.0194942039 -0.0286453366 0.0264194664 -0.0203483645 -0.0284426585 0.0275076088 -0.0187091827 -0.029008979 0.0264194664 -0.0203483645 -0.0284426585 0.0259780344 -0.0212842766 -0.0284013841 0.0275076088 -0.0187091827 -0.029008979 0.0264194664 -0.0203483645 -0.0284426585 0.0269271806 -0.0194942039 -0.0286453366 0.0250334796 -0.0221463721 -0.0278435592 0.0236018356 -0.0243645869 -0.0273175277 0.0264194664 -0.0203483645 -0.0284426585 0.0250334796 -0.0221463721 -0.0278435592 -0.0422820486 0.0160399117 -0.000971009198 -0.0438645519 0.0111876735 -0.000284258218 -0.0418549217 0.0169531144 -0.0011416754 -0.0422820486 0.0160399117 -0.000971009198 -0.0426847376 0.0151173631 -0.000810162397 -0.0438645519 0.0111876735 -0.000284258218 -0.0422820486 0.0160399117 -0.000971009198 -0.0418549217 0.0169531144 -0.0011416754 -0.0434512533 0.0142938066 -0.000935489952 -0.0426847376 0.0151173631 -0.000810162397 -0.0422820486 0.0160399117 -0.000971009198 -0.0434512533 0.0142938066 -0.000935489952 -0.0414029993 0.0178572983 -0.0013222174 -0.0389555134 0.0215707645 -0.00224804529 -0.0399170555 0.0204820912 -0.00191576988 -0.0389555134 0.0215707645 -0.00224804529 -0.0414029993 0.0178572983 -0.0013222174 -0.0418549217 0.0169531144 -0.0011416754 -0.0414029993 0.0178572983 -0.0013222174 -0.0399170555 0.0204820912 -0.00191576988 -0.040641252 0.0197261348 -0.00179833965 -0.0418549217 0.0169531144 -0.0011416754 -0.0414029993 0.0178572983 -0.0013222174 -0.040641252 0.0197261348 -0.00179833965 -0.0381591953 0.0227139294 -0.00256650918 -0.0438645519 0.0111876735 -0.000284258218 -0.0355493464 0.0259423312 -0.00361040141 -0.0381591953 0.0227139294 -0.00256650918 -0.0389555134 0.0215707645 -0.00224804529 -0.0438645519 0.0111876735 -0.000284258218 -0.0381591953 0.0227139294 -0.00256650918 -0.0364318527 0.025264509 -0.00330836792 -0.0399170555 0.0204820912 -0.00191576988 -0.0389555134 0.0215707645 -0.00224804529 -0.0381591953 0.0227139294 -0.00256650918 -0.0399170555 0.0204820912 -0.00191576988 -0.046151638 -0.00194899424 -0.000107788328 -0.0461364388 -0.00109128654 -0.00446605962 -0.0460597277 -0.00231352565 -0.00502569927 -0.0461998582 -6.99562661e-05 -0.00335025392 -0.0461364388 -0.00109128654 -0.00446605962 -0.046151638 -0.00194899424 -0.000107788328 -0.0461364388 -0.00109128654 -0.00446605962 -0.0461281575 -4.51216765e-05 -0.00499872537 -0.0460597277 -0.00231352565 -0.00502569927 -0.0461364388 -0.00109128654 -0.00446605962 -0.0461998582 -6.99562661e-05 -0.00335025392 -0.0461281575 -4.51216765e-05 -0.00499872537 -0.0451500453 0.00879496243 -0.00026323623 -0.0457360782 0.00601730542 -0.000271927449 -0.0453708209 0.00687844353 8.28983466e-05 -0.0451500453 0.00879496243 -0.00026323623 -0.0449255742 0.00992105249 -0.000591940945 -0.0457360782 0.00601730542 -0.000271927449 -0.0445221066 0.00965841115 -7.60614712e-05 -0.0451500453 0.00879496243 -0.00026323623 -0.0453708209 0.00687844353 8.28983466e-05 -0.0451500453 0.00879496243 -0.00026323623 -0.0445221066 0.00965841115 -7.60614712e-05 -0.0442741551 0.0105805201 -0.00017516462 -0.0437895097 0.0133981528 -0.000801632763 -0.0451500453 0.00879496243 -0.00026323623 -0.0442741551 0.0105805201 -0.00017516462 -0.0451500453 0.00879496243 -0.00026323623 -0.0437895097 0.0133981528 -0.000801632763 -0.0443784632 0.011819494 -0.000808029494 -0.0449255742 0.00992105249 -0.000591940945 -0.0451500453 0.00879496243 -0.00026323623 -0.0443784632 0.011819494 -0.000808029494 -0.0455609597 -0.00371358963 0.000338913029 -0.045882225 -0.00277141714 0.000286195835 -0.0455694199 -0.00565582654 0.000161846197 -0.0455145277 7.65464138e-05 0.00037550024 -0.0456225276 0.00299961749 0.000363622588 -0.0457236767 0.00107720448 0.000403918501 -0.0456225276 0.00299961749 0.000363622588 -0.0455145277 7.65464138e-05 0.00037550024 -0.0454256572 0.00492430944 0.000284947891 -0.0461475253 0.00203066715 -0.00010947066 -0.0456225276 0.00299961749 0.000363622588 -0.0459934473 0.00402338058 -0.000170331827 -0.0457236767 0.00107720448 0.000403918501 -0.0456225276 0.00299961749 0.000363622588 -0.0461475253 0.00203066715 -0.00010947066 -0.0456225276 0.00299961749 0.000363622588 -0.0453708209 0.00687844353 8.28983466e-05 -0.0459934473 0.00402338058 -0.000170331827 -0.0456225276 0.00299961749 0.000363622588 -0.0454256572 0.00492430944 0.000284947891 -0.0453708209 0.00687844353 8.28983466e-05 0.00185960112 0.0380110629 -0.0186363142 0.000579174317 0.038046997 -0.0180618539 0.0041469899 0.0371819958 -0.0194890425 0.00524538383 0.0372491926 -0.0201671291 0.00185960112 0.0380110629 -0.0186363142 0.0041469899 0.0371819958 -0.0194890425 0.00936501939 0.0356984586 -0.022031676 0.0104905348 0.0349307954 -0.022082312 0.0118941041 0.0343724936 -0.02280722 0.00936501939 0.0356984586 -0.022031676 0.00995003898 0.0353640988 -0.0270902477 0.00762539823 0.0364433937 -0.0248803329 0.00449853903 0.0374831185 -0.024943443 0.004500743 0.0375425927 -0.0201106817 0.00608843332 0.0369609073 -0.0255696233 0.004500743 0.0375425927 -0.0201106817 0.00762539823 0.0364433937 -0.0248803329 0.00608843332 0.0369609073 -0.0255696233 -0.0313499607 0.0299517419 -0.00529018603 -0.0264495648 0.0333777219 -0.0072504119 -0.0289535578 0.03176805 -0.00624884851 -0.0264495648 0.0333777219 -0.0072504119 -0.0313499607 0.0299517419 -0.00529018603 -0.0180111583 0.0370818488 -0.0106256614 -0.00362390722 0.0391083807 -0.016902294 -0.007902449 0.039090462 -0.0148288812 -0.00307172933 0.0385731049 -0.0166014899 -0.00363743654 0.039049875 -0.0217390675 -0.00362390722 0.0391083807 -0.016902294 -0.00199348084 0.0388757251 -0.0223865993 -0.0132970819 0.0359967761 -0.0381039307 -0.00908470526 0.0391310714 -0.019593453 -0.00677043153 0.0360482857 -0.0417337269 -0.00908470526 0.0391310714 -0.019593453 -0.00694907084 0.0391895808 -0.02043478 -0.00677043153 0.0360482857 -0.0417337269 -0.00908470526 0.0391310714 -0.019593453 -0.0132970819 0.0359967761 -0.0381039307 -0.0112137832 0.0389556997 -0.0187549908 -0.00908470526 0.0391310714 -0.019593453 -0.00695020379 0.039249979 -0.0190501828 -0.00694907084 0.0391895808 -0.02043478 -0.0357164778 0.0266018547 -0.0091016693 -0.0342401899 0.0282100607 -0.00813418068 -0.0341684893 0.0281842537 -0.00971158594 -0.0342401899 0.0282100607 -0.00813418068 -0.0325487889 0.0296640061 -0.0103496062 -0.0341684893 0.0281842537 -0.00971158594 -0.0365796722 0.0256683063 -0.0082934387 -0.0342401899 0.0282100607 -0.00813418068 -0.0357164778 0.0266018547 -0.0091016693 -0.0342104472 0.0282390043 -0.00482344301 -0.0342401899 0.0282100607 -0.00813418068 -0.0365796722 0.0256683063 -0.0082934387 -0.0232941564 0.0356852487 -0.00913432613 -0.0234831013 0.0355259106 -0.0139210932 -0.0242806729 0.0351626463 -0.0132190892 -0.0272978004 0.033486221 -0.0124188848 -0.0254188813 0.034558706 -0.013158978 -0.0224904418 0.0329362266 -0.0374116823 -0.0234831013 0.0355259106 -0.0139210932 -0.0254188813 0.034558706 -0.013158978 -0.0242806729 0.0351626463 -0.0132190892 -0.0254188813 0.034558706 -0.013158978 -0.0234831013 0.0355259106 -0.0139210932 -0.0224904418 0.0329362266 -0.0374116823 -0.0254188813 0.034558706 -0.013158978 -0.0272978004 0.033486221 -0.0124188848 -0.0266276654 0.0339612588 -0.00781817921 -0.0195138492 0.0371173024 -0.0154855205 -0.0224904418 0.0329362266 -0.0374116823 -0.0215139426 0.036378365 -0.0146973189 -0.0195138492 0.0371173024 -0.0154855205 -0.017483715 0.0377445482 -0.0162844528 -0.0224904418 0.0329362266 -0.0374116823 -0.017483715 0.0377445482 -0.0162844528 -0.0195138492 0.0371173024 -0.0154855205 -0.0175448097 0.0377522074 -0.0111927604 0.0229837969 -0.0251178853 -0.0270706192 0.0236018356 -0.0243645869 -0.0273175277 0.0214360449 -0.0265769567 -0.026404582 0.0223472174 -0.0258548055 -0.0268164705 0.0229837969 -0.0251178853 -0.0270706192 0.0214360449 -0.0265769567 -0.026404582 0.0236018356 -0.0243645869 -0.0273175277 0.0229837969 -0.0251178853 -0.0270706192 0.0241543725 -0.0239392761 -0.0278720986 0.0211478546 -0.027341783 -0.0264826175 0.0218290761 -0.0266129263 -0.0317677148 0.0241543725 -0.0239392761 -0.0278720986 0.0218290761 -0.0266129263 -0.0317677148 0.0211478546 -0.027341783 -0.0264826175 0.0203101709 -0.0282388981 -0.0263539609 0.0229837969 -0.0251178853 -0.0270706192 0.0211478546 -0.027341783 -0.0264826175 0.0241543725 -0.0239392761 -0.0278720986 0.0211478546 -0.027341783 -0.0264826175 0.0229837969 -0.0251178853 -0.0270706192 0.0223472174 -0.0258548055 -0.0268164705 0.0211478546 -0.027341783 -0.0264826175 0.0223472174 -0.0258548055 -0.0268164705 0.0198236182 -0.028450558 -0.0258088764 0.0188891962 -0.0295448266 -0.0257927347 0.0211478546 -0.027341783 -0.0264826175 0.0198236182 -0.028450558 -0.0258088764 0.0203101709 -0.0282388981 -0.0263539609 0.0211478546 -0.027341783 -0.0264826175 0.0188891962 -0.0295448266 -0.0257927347 0.0321392454 0.000856862345 -0.03072666 0.0319394507 0.00189009344 -0.0306060445 0.0321487226 -9.74965733e-05 -0.0307303611 0.0321392454 0.000856862345 -0.03072666 0.0320504941 0.00276431418 -0.030691186 0.0319394507 0.00189009344 -0.0306060445 0.0321392454 0.000856862345 -0.03072666 0.0321487226 -9.74965733e-05 -0.0307303611 0.0322998203 -8.71692318e-05 -0.0347501561 0.0320504941 0.00276431418 -0.030691186 0.0321392454 0.000856862345 -0.03072666 0.0322998203 -8.71692318e-05 -0.0347501561 0.0301713999 -0.0117200976 -0.029898759 0.0314683355 -0.00725233322 -0.0304587707 0.031931702 -0.00204448658 -0.0306029301 0.0314683355 -0.00725233322 -0.0304587707 0.031285055 -0.008696476 -0.0305097681 0.0319551267 -0.00489625847 -0.030775968 0.0308166202 -0.0105476407 -0.0303236321 0.0314683355 -0.00725233322 -0.0304587707 0.0301713999 -0.0117200976 -0.029898759 0.0314683355 -0.00725233322 -0.0304587707 0.0308166202 -0.0105476407 -0.0303236321 0.031285055 -0.008696476 -0.0305097681 0.0321345963 -0.00105185318 -0.0307248253 0.0314683355 -0.00725233322 -0.0304587707 0.0319551267 -0.00489625847 -0.030775968 0.0314683355 -0.00725233322 -0.0304587707 0.0321345963 -0.00105185318 -0.0307248253 0.031931702 -0.00204448658 -0.0306029301 0.0314326324 0.00796696451 -0.0355486311 0.0309914388 0.00957605615 -0.0356585644 0.0307457484 0.010502357 -0.0355615728 0.0309914388 0.00957605615 -0.0356585644 0.0314326324 0.00796696451 -0.0355486311 0.0312145967 0.00864135381 -0.0357467234 0.0307457484 0.010502357 -0.0355615728 0.0309914388 0.00957605615 -0.0356585644 0.0283894595 0.00994155742 -0.0436858758 0.0309914388 0.00957605615 -0.0356585644 0.0312145967 0.00864135381 -0.0357467234 0.0283894595 0.00994155742 -0.0436858758 0.0321588553 0.00268300343 -0.0358346477 0.0321539678 0.00144417142 -0.0361174904 0.029565936 3.14212059e-07 -0.0443469472 0.0321539678 0.00144417142 -0.0361174904 0.0322513022 3.26903828e-05 -0.0358707085 0.029565936 3.14212059e-07 -0.0443469472 0.0322513022 3.26903828e-05 -0.0358707085 0.0321539678 0.00144417142 -0.0361174904 0.0321588553 0.00268300343 -0.0358346477 -0.0332173668 -0.0289036594 -0.00475209719 -0.0313278399 -0.0307624564 -0.00596192759 -0.0299748722 -0.031555701 -0.00604236359 -0.0332173668 -0.0289036594 -0.00475209719 -0.0345718823 -0.0272952933 -0.00405145623 -0.0356262885 -0.0267315693 -0.00403231801 -0.0312650166 -0.030295305 -0.00537277246 -0.0332173668 -0.0289036594 -0.00475209719 -0.0299748722 -0.031555701 -0.00604236359 -0.0332173668 -0.0289036594 -0.00475209719 -0.0312650166 -0.030295305 -0.00537277246 -0.0318682157 -0.0297978166 -0.0051316754 -0.0332173668 -0.0289036594 -0.00475209719 -0.0327974521 -0.0295380764 -0.00538148498 -0.0313278399 -0.0307624564 -0.00596192759 -0.0327974521 -0.0295380764 -0.00538148498 -0.0332173668 -0.0289036594 -0.00475209719 -0.0356262885 -0.0267315693 -0.00403231801 -0.0228083041 -0.032778915 -0.0373871811 -0.0254230443 -0.0345568769 -0.0131568471 -0.0272832457 -0.0334952883 -0.0124242958 -0.0254230443 -0.0345568769 -0.0131568471 -0.0228083041 -0.032778915 -0.0373871811 -0.0235116426 -0.0355131514 -0.0139099304 -0.0249711219 -0.0348684341 -0.00847213622 -0.0254230443 -0.0345568769 -0.0131568471 -0.0235116426 -0.0355131514 -0.0139099304 -0.0272832457 -0.0334952883 -0.0124242958 -0.0254230443 -0.0345568769 -0.0131568471 -0.0266309921 -0.0339592397 -0.00781668164 -0.0254230443 -0.0345568769 -0.0131568471 -0.0249711219 -0.0348684341 -0.00847213622 -0.0266309921 -0.0339592397 -0.00781668164 -0.0321555063 -0.0073486818 -0.0485676117 -0.0331510231 -0.00267118006 -0.0485076569 -0.03260874 -0.00139240455 -0.0486890003 -0.0339611098 -0.00377191813 -0.0481819659 -0.0331510231 -0.00267118006 -0.0485076569 -0.0321555063 -0.0073486818 -0.0485676117 -0.0326059982 0.00138219737 -0.0486899167 -0.0331510231 -0.00267118006 -0.0485076569 -0.0331465527 0.00266396557 -0.0485092066 -0.0331510231 -0.00267118006 -0.0485076569 -0.0326059982 0.00138219737 -0.0486899167 -0.03260874 -0.00139240455 -0.0486890003 -0.0331465527 0.00266396557 -0.0485092066 -0.0331510231 -0.00267118006 -0.0485076569 -0.033953242 0.0037633921 -0.0481854044 -0.0331510231 -0.00267118006 -0.0485076569 -0.0339611098 -0.00377191813 -0.0481819659 -0.033953242 0.0037633921 -0.0481854044 -0.0341662131 -0.0281865597 -0.00971244648 -0.0356975757 -0.0266223997 -0.00910903141 -0.0353357717 -0.0244674813 -0.0272019599 0.0258826632 0.0212914273 -0.0336416773 0.0252620578 0.0223371536 -0.0331193097 0.0263296962 0.0207134448 -0.0335396491 0.0209478773 0.0236489121 -0.043244049 0.0258826632 0.0212914273 -0.0336416773 0.0263296962 0.0207134448 -0.0335396491 0.0258826632 0.0212914273 -0.0336416773 0.0209478773 0.0236489121 -0.043244049 0.0252620578 0.0223371536 -0.0331193097 0.0252620578 0.0223371536 -0.0331193097 0.0244695563 0.0233273506 -0.0330835879 0.0241230745 0.0238960721 -0.0326709822 0.0244695563 0.0233273506 -0.0330835879 0.0209478773 0.0236489121 -0.043244049 0.0241230745 0.0238960721 -0.0326709822 0.0209478773 0.0236489121 -0.043244049 0.0244695563 0.0233273506 -0.0330835879 0.0252620578 0.0223371536 -0.0331193097 0.0201562047 0.0278718993 -0.0258927625 0.0194928031 0.0287571549 -0.02567688 0.0187537652 0.029161917 -0.025331594 0.0194928031 0.0287571549 -0.02567688 0.0214996319 0.0265085287 -0.0264301077 0.0210831165 0.0274074599 -0.0264569316 0.0214996319 0.0265085287 -0.0264301077 0.0231247544 0.0251522921 -0.0272678491 0.0210831165 0.0274074599 -0.0264569316 0.0201562047 0.0278718993 -0.0258927625 0.0214996319 0.0265085287 -0.0264301077 0.0194928031 0.0287571549 -0.02567688 0.024859786 0.0227028579 -0.0278196968 0.0214996319 0.0265085287 -0.0264301077 0.0239738822 0.0235946812 -0.0274199173 0.0231247544 0.0251522921 -0.0272678491 0.0214996319 0.0265085287 -0.0264301077 0.024859786 0.0227028579 -0.0278196968 0.0214996319 0.0265085287 -0.0264301077 0.0201562047 0.0278718993 -0.0258927625 0.0187537652 0.029161917 -0.025331594 0.0261610746 0.0204323083 -0.0282946527 0.0214996319 0.0265085287 -0.0264301077 0.0187537652 0.029161917 -0.025331594 0.0239738822 0.0235946812 -0.0274199173 0.0214996319 0.0265085287 -0.0264301077 0.0261610746 0.0204323083 -0.0282946527 0.0113461716 -0.0320358537 -0.0402658768 0.0121585811 -0.0342214741 -0.0279599074 0.00812746119 -0.033590205 -0.0403342284 0.015034683 -0.0322792493 -0.0238966756 0.0164502338 -0.031272985 -0.0244618673 0.0157305673 -0.0315521471 -0.0241224132 0.015034683 -0.0322792493 -0.0238966756 0.0143452352 -0.0329122432 -0.0237806644 0.0164502338 -0.031272985 -0.0244618673 0.00699652405 -0.0339994133 -0.0406687632 0.00605906174 -0.0341724977 -0.0414795093 0.00812746119 -0.033590205 -0.0403342284 0.0183809474 -0.0299130622 -0.0304098111 0.0188891962 -0.0295448266 -0.0257927347 0.0163912866 -0.0314890817 -0.0296265054 0.0202853754 -0.0282631032 -0.0299442243 0.0218290761 -0.0266129263 -0.0317677148 0.0203101709 -0.0282388981 -0.0263539609 0.0218290761 -0.0266129263 -0.0317677148 0.0202853754 -0.0282631032 -0.0299442243 0.0202829912 -0.0281928573 -0.0311588142 0.0202853754 -0.0282631032 -0.0299442243 0.0203101709 -0.0282388981 -0.0263539609 0.0188891962 -0.0295448266 -0.0257927347 0.0183809474 -0.0299130622 -0.0304098111 0.0202853754 -0.0282631032 -0.0299442243 0.0188891962 -0.0295448266 -0.0257927347 0.0202853754 -0.0282631032 -0.0299442243 0.0183809474 -0.0299130622 -0.0304098111 0.0202829912 -0.0281928573 -0.0311588142 0.0208671782 -0.0275250301 -0.0316606313 0.0202829912 -0.0281928573 -0.0311588142 0.0165473912 -0.0281215049 -0.0424889699 0.0218290761 -0.0266129263 -0.0317677148 0.0208671782 -0.0275250301 -0.0316606313 0.0165473912 -0.0281215049 -0.0424889699 0.0208671782 -0.0275250301 -0.0316606313 0.0218290761 -0.0266129263 -0.0317677148 0.0202829912 -0.0281928573 -0.0311588142 0.0241584871 -0.0237409566 -0.0329607017 0.0209480021 -0.0236490294 -0.0432440676 0.0246405061 -0.0232075639 -0.0328746997 0.0232818201 -0.0249507446 -0.0323397405 0.0241584871 -0.0237409566 -0.0329607017 0.0246405061 -0.0232075639 -0.0328746997 0.0241584871 -0.0237409566 -0.0329607017 0.0232818201 -0.0249507446 -0.0323397405 0.0209480021 -0.0236490294 -0.0432440676 0.0248643812 -0.0229150355 -0.0279588643 0.0264194664 -0.0203483645 -0.0284426585 0.0236018356 -0.0243645869 -0.0273175277 0.0264194664 -0.0203483645 -0.0284426585 0.0248643812 -0.0229150355 -0.0279588643 0.0259780344 -0.0212842766 -0.0284013841 0.0248643812 -0.0229150355 -0.0279588643 0.0236018356 -0.0243645869 -0.0273175277 0.0241543725 -0.0239392761 -0.0278720986 0.0259780344 -0.0212842766 -0.0284013841 0.0248643812 -0.0229150355 -0.0279588643 0.0259039495 -0.0213821363 -0.0333720781 0.0248643812 -0.0229150355 -0.0279588643 0.0246405061 -0.0232075639 -0.0328746997 0.0259039495 -0.0213821363 -0.0333720781 0.0246405061 -0.0232075639 -0.0328746997 0.0248643812 -0.0229150355 -0.0279588643 0.0241543725 -0.0239392761 -0.0278720986 -0.0405653715 -0.0193945132 -0.00165670912 -0.0408813357 -0.018373264 -0.00147760997 -0.0415216684 -0.0176254064 -0.00127479283 -0.0404202342 -0.0204080474 -0.00213497854 -0.0405653715 -0.0193945132 -0.00165670912 -0.0415216684 -0.0176254064 -0.00127479283 -0.0398877822 -0.0212569125 -0.00234555779 -0.0405653715 -0.0193945132 -0.00165670912 -0.0404202342 -0.0204080474 -0.00213497854 -0.0371099673 -0.0240981318 -0.00298613636 -0.0322826467 -0.0291616991 -0.00491718482 -0.0277851783 -0.0325527601 -0.00671609258 -0.00676410692 -0.0387500189 -0.0151244812 -0.0371099673 -0.0240981318 -0.00298613636 -0.0277851783 -0.0325527601 -0.00671609258 -0.0371099673 -0.0240981318 -0.00298613636 -0.00676410692 -0.0387500189 -0.0151244812 0.00231487327 -0.0376714356 -0.0187560469 -0.0438645519 0.0111876735 -0.000284258218 -0.0371099673 -0.0240981318 -0.00298613636 0.00231487327 -0.0376714356 -0.0187560469 -0.0364318527 0.025264509 -0.00330836792 -0.03732628 0.0238235872 -0.00289969146 -0.0355493464 0.0259423312 -0.00361040141 -0.03732628 0.0238235872 -0.00289969146 -0.0381591953 0.0227139294 -0.00256650918 -0.0355493464 0.0259423312 -0.00361040141 -0.0381591953 0.0227139294 -0.00256650918 -0.03732628 0.0238235872 -0.00289969146 -0.0364318527 0.025264509 -0.00330836792 -0.045882225 -0.00277141714 0.000286195835 -0.0457160473 -0.0013205756 0.000400918507 -0.0457236767 0.00107720448 0.000403918501 -0.0455609597 -0.00371358963 0.000338913029 -0.0457160473 -0.0013205756 0.000400918507 -0.045882225 -0.00277141714 0.000286195835 -0.0457160473 -0.0013205756 0.000400918507 -0.0455145277 7.65464138e-05 0.00037550024 -0.0457236767 0.00107720448 0.000403918501 -0.0444838405 -0.00887702033 -3.66255445e-05 -0.0454572439 -0.00466993451 0.000297536521 -0.045178175 -0.00658152625 0.000186061065 -0.0454572439 -0.00466993451 0.000297536521 -0.0455694199 -0.00565582654 0.000161846197 -0.045178175 -0.00658152625 0.000186061065 -0.0454572439 -0.00466993451 0.000297536521 -0.0455609597 -0.00371358963 0.000338913029 -0.0455694199 -0.00565582654 0.000161846197 0.000579174317 0.038046997 -0.0180618539 -0.00123626401 0.0383528732 -0.0173357558 -0.00307172933 0.0385731049 -0.0166014899 0.00185960112 0.0380110629 -0.0186363142 -0.00123626401 0.0383528732 -0.0173357558 0.000579174317 0.038046997 -0.0180618539 0.00763332518 0.0364401527 -0.021347791 0.00524538383 0.0372491926 -0.0201671291 0.0104905348 0.0349307954 -0.022082312 0.00936501939 0.0356984586 -0.022031676 0.00763332518 0.0364401527 -0.021347791 0.0104905348 0.0349307954 -0.022082312 0.00763332518 0.0364401527 -0.021347791 0.004500743 0.0375425927 -0.0201106817 0.00524538383 0.0372491926 -0.0201671291 0.00763332518 0.0364401527 -0.021347791 0.00936501939 0.0356984586 -0.022031676 0.00762539823 0.0364433937 -0.0248803329 0.004500743 0.0375425927 -0.0201106817 0.00763332518 0.0364401527 -0.021347791 0.00762539823 0.0364433937 -0.0248803329 0.0127307745 0.0339592285 -0.0233607776 0.0110707851 0.0348685905 -0.0227051415 0.0118941041 0.0343724936 -0.02280722 0.0110707851 0.0348685905 -0.0227051415 0.00936501939 0.0356984586 -0.022031676 0.0118941041 0.0343724936 -0.02280722 0.00936501939 0.0356984586 -0.022031676 0.0110707851 0.0348685905 -0.0227051415 0.00995003898 0.0353640988 -0.0270902477 0.0110707851 0.0348685905 -0.0227051415 0.0127307745 0.0339592285 -0.0233607776 0.0121693593 0.0342159942 -0.027964171 0.00995003898 0.0353640988 -0.0270902477 0.0110707851 0.0348685905 -0.0227051415 0.0121693593 0.0342159942 -0.027964171 0.00290900073 0.0379913598 -0.0194820985 0.00185960112 0.0380110629 -0.0186363142 0.00524538383 0.0372491926 -0.0201671291 0.004500743 0.0375425927 -0.0201106817 0.00290900073 0.0379913598 -0.0194820985 0.00524538383 0.0372491926 -0.0201671291 0.00185960112 0.0380110629 -0.0186363142 0.00290900073 0.0379913598 -0.0194820985 -0.000325087749 0.0386860184 -0.0182049498 0.00127076823 0.0383193344 -0.0236721076 0.00290900073 0.0379913598 -0.0194820985 0.00289076287 0.0379361883 -0.0243102368 0.00290900073 0.0379913598 -0.0194820985 0.00127076823 0.0383193344 -0.0236721076 -0.000325087749 0.0386860184 -0.0182049498 0.00290900073 0.0379913598 -0.0194820985 0.00449853903 0.0374831185 -0.024943443 0.00289076287 0.0379361883 -0.0243102368 0.00290900073 0.0379913598 -0.0194820985 0.004500743 0.0375425927 -0.0201106817 0.00449853903 0.0374831185 -0.024943443 -0.0194243249 0.0368347503 -0.0101036793 -0.0211256798 0.0359903201 -0.00937993452 -0.0180111583 0.0370818488 -0.0106256614 -0.0211256798 0.0359903201 -0.00937993452 -0.0194243249 0.0368347503 -0.0101036793 -0.0224647578 0.0356487297 -0.00888886489 -0.0264495648 0.0333777219 -0.0072504119 -0.0255342163 0.0341362879 -0.00766241737 -0.0289535578 0.03176805 -0.00624884851 -0.0313499607 0.0299517419 -0.00529018603 -0.0336266235 0.0279282182 -0.0043796855 -0.0355493464 0.0259423312 -0.00361040141 -0.0336266235 0.0279282182 -0.0043796855 -0.0345122255 0.0273555964 -0.00407521008 -0.0355493464 0.0259423312 -0.00361040141 -0.0335564055 0.0287937839 -0.00485182786 -0.0342104472 0.0282390043 -0.00482344301 -0.0372485556 0.024633687 -0.0031481937 -0.0163237508 0.0377546251 -0.0113426326 -0.0194243249 0.0368347503 -0.0101036793 -0.0180111583 0.0370818488 -0.0106256614 -0.0194243249 0.0368347503 -0.0101036793 -0.0163237508 0.0377546251 -0.0113426326 -0.0175448097 0.0377522074 -0.0111927604 -0.00307172933 0.0385731049 -0.0166014899 -0.00840312615 0.0387155116 -0.0144690312 -0.0116482424 0.0384412222 -0.0131709576 -0.00676453533 0.0387499966 -0.0151245091 -0.00840312615 0.0387155116 -0.0144690312 -0.00307172933 0.0385731049 -0.0166014899 -0.00840312615 0.0387155116 -0.0144690312 -0.00676453533 0.0387499966 -0.0151245091 -0.007902449 0.039090462 -0.0148288812 -0.007902449 0.039090462 -0.0148288812 -0.00491619529 0.0387058035 -0.0158638414 -0.00307172933 0.0385731049 -0.0166014899 -0.00491619529 0.0387058035 -0.0158638414 -0.00676453533 0.0387499966 -0.0151245091 -0.00307172933 0.0385731049 -0.0166014899 -0.00676453533 0.0387499966 -0.0151245091 -0.00491619529 0.0387058035 -0.0158638414 -0.007902449 0.039090462 -0.0148288812 -0.0131821688 0.0384096727 -0.0125978766 -0.0143604921 0.0385440886 -0.0126622766 -0.0147579955 0.0381148793 -0.0119681954 -0.0131821688 0.0384096727 -0.0125978766 -0.011125451 0.0388731472 -0.0135456035 -0.0143604921 0.0385440886 -0.0126622766 -0.0131821688 0.0384096727 -0.0125978766 -0.0147579955 0.0381148793 -0.0119681954 -0.0116482424 0.0384412222 -0.0131709576 -0.00881863199 0.0392056927 -0.0148508325 -0.007902449 0.039090462 -0.0148288812 -0.00695002591 0.0392500199 -0.0155887706 -0.00881863199 0.0392056927 -0.0148508325 -0.011125451 0.0388731472 -0.0135456035 -0.007902449 0.039090462 -0.0148288812 -0.00695020379 0.039249979 -0.0190501828 -0.00881863199 0.0392056927 -0.0148508325 -0.00695002591 0.0392500199 -0.0155887706 -0.00908470526 0.0391310714 -0.019593453 -0.00881863199 0.0392056927 -0.0148508325 -0.00695020379 0.039249979 -0.0190501828 -0.007902449 0.039090462 -0.0148288812 -0.00528604258 0.0392145813 -0.0162458103 -0.00695002591 0.0392500199 -0.0155887706 -0.00362390722 0.0391083807 -0.016902294 -0.00528604258 0.0392145813 -0.0162458103 -0.007902449 0.039090462 -0.0148288812 -0.00528604258 0.0392145813 -0.0162458103 -0.00695020379 0.039249979 -0.0190501828 -0.00695002591 0.0392500199 -0.0155887706 -0.00528604258 0.0392145813 -0.0162458103 -0.00362390722 0.0391083807 -0.016902294 -0.00363743654 0.039049875 -0.0217390675 -0.00695020379 0.039249979 -0.0190501828 -0.00528967706 0.0391547345 -0.0210883487 -0.00694907084 0.0391895808 -0.02043478 -0.00528967706 0.0391547345 -0.0210883487 -0.00363743654 0.039049875 -0.0217390675 -0.00363367819 0.0365450829 -0.0388260894 -0.00528967706 0.0391547345 -0.0210883487 -0.00528604258 0.0392145813 -0.0162458103 -0.00363743654 0.039049875 -0.0217390675 -0.00528604258 0.0392145813 -0.0162458103 -0.00528967706 0.0391547345 -0.0210883487 -0.00695020379 0.039249979 -0.0190501828 -0.00528967706 0.0391547345 -0.0210883487 -0.00363367819 0.0365450829 -0.0388260894 -0.00677043153 0.0360482857 -0.0417337269 -0.00694907084 0.0391895808 -0.02043478 -0.00528967706 0.0391547345 -0.0210883487 -0.00677043153 0.0360482857 -0.0417337269 -0.0308632907 0.0310398415 -0.011013451 -0.0297938045 0.0319173299 -0.0065674712 -0.0291123427 0.0323132761 -0.011703264 -0.0308632907 0.0310398415 -0.011013451 -0.0291123427 0.0323132761 -0.011703264 -0.0305480938 0.027580535 -0.0367904194 -0.0325487889 0.0296640061 -0.0103496062 -0.0308632907 0.0310398415 -0.011013451 -0.0305480938 0.027580535 -0.0367904194 -0.0282318052 0.0329794623 -0.00718449615 -0.0272978004 0.033486221 -0.0124188848 -0.0291123427 0.0323132761 -0.011703264 -0.0297938045 0.0319173299 -0.0065674712 -0.0282318052 0.0329794623 -0.00718449615 -0.0291123427 0.0323132761 -0.011703264 -0.0272978004 0.033486221 -0.0124188848 -0.0282318052 0.0329794623 -0.00718449615 -0.0266276654 0.0339612588 -0.00781817921 -0.0249823388 0.0348632671 -0.00846796762 -0.0232941564 0.0356852487 -0.00913432613 -0.0242806729 0.0351626463 -0.0132190892 -0.0254188813 0.034558706 -0.013158978 -0.0249823388 0.0348632671 -0.00846796762 -0.0242806729 0.0351626463 -0.0132190892 -0.0249823388 0.0348632671 -0.00846796762 -0.0254188813 0.034558706 -0.013158978 -0.0266276654 0.0339612588 -0.00781817921 -0.0249823388 0.0348632671 -0.00846796762 -0.0266276654 0.0339612588 -0.00781817921 -0.0271523055 0.033439029 -0.0071657449 -0.0255342163 0.0341362879 -0.00766241737 -0.0249823388 0.0348632671 -0.00846796762 -0.0271523055 0.033439029 -0.0071657449 -0.0232941564 0.0356852487 -0.00913432613 -0.0249823388 0.0348632671 -0.00846796762 -0.0224647578 0.0356487297 -0.00888886489 -0.0249823388 0.0348632671 -0.00846796762 -0.0255342163 0.0341362879 -0.00766241737 -0.0224647578 0.0356487297 -0.00888886489 -0.0234831013 0.0355259106 -0.0139210932 -0.0215436257 0.0364359431 -0.0132126445 -0.0215139426 0.036378365 -0.0146973189 -0.0232941564 0.0356852487 -0.00913432613 -0.0215436257 0.0364359431 -0.0132126445 -0.0234831013 0.0355259106 -0.0139210932 -0.0215436257 0.0364359431 -0.0132126445 -0.0195138492 0.0371173024 -0.0154855205 -0.0215139426 0.036378365 -0.0146973189 -0.020551268 0.0366366468 -0.00979319401 -0.0194243249 0.0368347503 -0.0101036793 -0.0175448097 0.0377522074 -0.0111927604 -0.0194243249 0.0368347503 -0.0101036793 -0.020551268 0.0366366468 -0.00979319401 -0.0224647578 0.0356487297 -0.00888886489 -0.020551268 0.0366366468 -0.00979319401 -0.0232941564 0.0356852487 -0.00913432613 -0.0224647578 0.0356487297 -0.00888886489 -0.0290910546 -0.0323277451 -0.0117120827 -0.0292565189 -0.032242164 -0.00655424176 -0.0313278399 -0.0307624564 -0.00596192759 -0.0308463518 -0.0310522355 -0.0110205021 -0.0290910546 -0.0323277451 -0.0117120827 -0.0313278399 -0.0307624564 -0.00596192759 -0.0290910546 -0.0323277451 -0.0117120827 -0.0272832457 -0.0334952883 -0.0124242958 -0.0266309921 -0.0339592397 -0.00781668164 -0.0292565189 -0.032242164 -0.00655424176 -0.0290910546 -0.0323277451 -0.0117120827 -0.0266309921 -0.0339592397 -0.00781668164 -0.0272832457 -0.0334952883 -0.0124242958 -0.0290910546 -0.0323277451 -0.0117120827 -0.0307681467 -0.0273873098 -0.0367732905 -0.0290910546 -0.0323277451 -0.0117120827 -0.0308463518 -0.0310522355 -0.0110205021 -0.0307681467 -0.0273873098 -0.0367732905 -0.0338201486 -0.0280394778 -0.00435186923 -0.0332173668 -0.0289036594 -0.00475209719 -0.0318682157 -0.0297978166 -0.0051316754 -0.0332173668 -0.0289036594 -0.00475209719 -0.0338201486 -0.0280394778 -0.00435186923 -0.0345718823 -0.0272952933 -0.00405145623 -0.0322826467 -0.0291616991 -0.00491718482 -0.0338201486 -0.0280394778 -0.00435186923 -0.0318682157 -0.0297978166 -0.0051316754 -0.0338201486 -0.0280394778 -0.00435186923 -0.0322826467 -0.0291616991 -0.00491718482 -0.0348827206 -0.0266632084 -0.00387719413 -0.0345718823 -0.0272952933 -0.00405145623 -0.0338201486 -0.0280394778 -0.00435186923 -0.0348827206 -0.0266632084 -0.00387719413 -0.0341799818 -0.0282679703 -0.00815814547 -0.0327974521 -0.0295380764 -0.00538148498 -0.0356262885 -0.0267315693 -0.00403231801 -0.0422067605 -0.0172491651 -0.00166567694 -0.0412911735 -0.0190061983 -0.00202710065 -0.0404202342 -0.0204080474 -0.00213497854 -0.0419934355 -0.0175205488 -0.0066280514 -0.0422067605 -0.0172491651 -0.00166567694 -0.0429909192 -0.0155441575 -0.00463388255 -0.0419934355 -0.0175205488 -0.0066280514 -0.0429909192 -0.0155441575 -0.00463388255 -0.0429397225 -0.0154836895 -0.00625519641 -0.0419934355 -0.0175205488 -0.0066280514 -0.0412911735 -0.0190061983 -0.00202710065 -0.0422067605 -0.0172491651 -0.00166567694 -0.0412911735 -0.0190061983 -0.00202710065 -0.0419934355 -0.0175205488 -0.0066280514 -0.0409280658 -0.0195070766 -0.00704792328 -0.0412142798 -0.0149097266 -0.0272281095 -0.0419934355 -0.0175205488 -0.0066280514 -0.0429397225 -0.0154836895 -0.00625519641 -0.0370501801 -0.0201125275 -0.0362721831 -0.0392969213 -0.0187787022 -0.0272297915 -0.0412142798 -0.0149097266 -0.0272281095 -0.0392969213 -0.0187787022 -0.0272297915 -0.0419934355 -0.0175205488 -0.0066280514 -0.0412142798 -0.0149097266 -0.0272281095 -0.0419934355 -0.0175205488 -0.0066280514 -0.0392969213 -0.0187787022 -0.0272297915 -0.0409280658 -0.0195070766 -0.00704792328 -0.0345718823 -0.0272952933 -0.00405145623 -0.0362917744 -0.0259988457 -0.0037689798 -0.0356262885 -0.0267315693 -0.00403231801 -0.0371408425 -0.0249734446 -0.00854058843 -0.0380821191 -0.0239036791 -0.00329455361 -0.0384946428 -0.0232389607 -0.00800708029 -0.0356975757 -0.0266223997 -0.00910903141 -0.0371408425 -0.0249734446 -0.00854058843 -0.0353357717 -0.0244674813 -0.0272019599 0.0143452352 -0.0329122432 -0.0237806644 0.0143168662 -0.0329245217 -0.0288097821 0.0163912866 -0.0314890817 -0.0296265054 0.00518257124 -0.0370946862 -0.0199629739 0.0040903762 -0.0371987224 -0.0194663126 0.00231487327 -0.0376714356 -0.0187560469 0.0017569738 -0.0382129662 -0.0187820178 0.00518257124 -0.0370946862 -0.0199629739 0.00231487327 -0.0376714356 -0.0187560469 0.015034683 -0.0322792493 -0.0238966756 0.0136115029 -0.0333748683 -0.0234893784 0.0143452352 -0.0329122432 -0.0237806644 0.0136115029 -0.0333748683 -0.0234893784 0.0143168662 -0.0329245217 -0.0288097821 0.0143452352 -0.0329122432 -0.0237806644 0.0143168662 -0.0329245217 -0.0288097821 0.0136115029 -0.0333748683 -0.0234893784 0.0121585811 -0.0342214741 -0.0279599074 0.00589586142 -0.0370882489 -0.0206616614 0.00409073429 -0.0376058668 -0.0247828271 0.00586361578 -0.0370397344 -0.0254810229 0.00762302568 -0.036444433 -0.0248793531 0.00589586142 -0.0370882489 -0.0206616614 0.00586361578 -0.0370397344 -0.0254810229 0.0177186802 -0.0303808246 -0.0304167494 0.0183809474 -0.0299130622 -0.0304098111 0.0163912866 -0.0314890817 -0.0296265054 0.0183809474 -0.0299130622 -0.0304098111 0.0177186802 -0.0303808246 -0.0304167494 0.016344199 -0.028561959 -0.0415192209 0.0202829912 -0.0281928573 -0.0311588142 0.0193240121 -0.0290022939 -0.0310510565 0.016344199 -0.028561959 -0.0415192209 0.0193240121 -0.0290022939 -0.0310510565 0.0183809474 -0.0299130622 -0.0304098111 0.016344199 -0.028561959 -0.0415192209 0.0183809474 -0.0299130622 -0.0304098111 0.0193240121 -0.0290022939 -0.0310510565 0.0202829912 -0.0281928573 -0.0311588142 -0.0380821191 -0.0239036791 -0.00329455361 -0.0392256379 -0.0223349147 -0.00284286565 -0.0384946428 -0.0232389607 -0.00800708029 -0.0398877822 -0.0212569125 -0.00234555779 -0.0392256379 -0.0223349147 -0.00284286565 -0.0380821191 -0.0239036791 -0.00329455361 -0.0392256379 -0.0223349147 -0.00284286565 -0.0398877822 -0.0212569125 -0.00234555779 -0.0404202342 -0.0204080474 -0.00213497854 -0.0412911735 -0.0190061983 -0.00202710065 -0.0392256379 -0.0223349147 -0.00284286565 -0.0404202342 -0.0204080474 -0.00213497854 -0.0371099673 -0.0240981318 -0.00298613636 -0.0391112529 -0.0213360358 -0.00218561711 -0.0381394587 -0.0227415767 -0.00257447455 -0.0408813357 -0.018373264 -0.00147760997 -0.0391112529 -0.0213360358 -0.00218561711 -0.0438645519 0.0111876735 -0.000284258218 -0.0391112529 -0.0213360358 -0.00218561711 -0.0371099673 -0.0240981318 -0.00298613636 -0.0438645519 0.0111876735 -0.000284258218 -0.0322826467 -0.0291616991 -0.00491718482 -0.0360246263 -0.0254053213 -0.00342034269 -0.0348827206 -0.0266632084 -0.00387719413 -0.0371099673 -0.0240981318 -0.00298613636 -0.0360246263 -0.0254053213 -0.00342034269 -0.0322826467 -0.0291616991 -0.00491718482 -0.0360246263 -0.0254053213 -0.00342034269 -0.0345718823 -0.0272952933 -0.00405145623 -0.0348827206 -0.0266632084 -0.00387719413 -0.0457160473 -0.0013205756 0.000400918507 -0.0454535484 -0.00217078882 0.000351159106 -0.0455145277 7.65464138e-05 0.00037550024 -0.0454535484 -0.00217078882 0.000351159106 -0.0457160473 -0.0013205756 0.000400918507 -0.0455609597 -0.00371358963 0.000338913029 -0.0454572439 -0.00466993451 0.000297536521 -0.0454535484 -0.00217078882 0.000351159106 -0.0455609597 -0.00371358963 0.000338913029 -0.0454535484 -0.00217078882 0.000351159106 -0.0454572439 -0.00466993451 0.000297536521 -0.0444838405 -0.00887702033 -3.66255445e-05 -0.0438645519 0.0111876735 -0.000284258218 -0.0454535484 -0.00217078882 0.000351159106 -0.0444838405 -0.00887702033 -3.66255445e-05 -0.0455145277 7.65464138e-05 0.00037550024 -0.0454535484 -0.00217078882 0.000351159106 -0.0438645519 0.0111876735 -0.000284258218 -0.00362390722 0.0391083807 -0.016902294 -0.0019669577 0.0389317423 -0.0175564438 -0.00199348084 0.0388757251 -0.0223865993 -0.0019669577 0.0389317423 -0.0175564438 0.00185960112 0.0380110629 -0.0186363142 -0.000325087749 0.0386860184 -0.0182049498 -0.0019669577 0.0389317423 -0.0175564438 -0.00123626401 0.0383528732 -0.0173357558 0.00185960112 0.0380110629 -0.0186363142 -0.0019669577 0.0389317423 -0.0175564438 -0.00362390722 0.0391083807 -0.016902294 -0.00307172933 0.0385731049 -0.0166014899 -0.00123626401 0.0383528732 -0.0173357558 -0.0019669577 0.0389317423 -0.0175564438 -0.00307172933 0.0385731049 -0.0166014899 -0.0019669577 0.0389317423 -0.0175564438 -0.000357630837 0.0386323109 -0.023030825 -0.00199348084 0.0388757251 -0.0223865993 -0.000357630837 0.0386323109 -0.023030825 -0.0019669577 0.0389317423 -0.0175564438 -0.000325087749 0.0386860184 -0.0182049498 -0.0238403734 0.0347851068 -0.00829404779 -0.0211256798 0.0359903201 -0.00937993452 -0.0224647578 0.0356487297 -0.00888886489 -0.0255342163 0.0341362879 -0.00766241737 -0.0238403734 0.0347851068 -0.00829404779 -0.0224647578 0.0356487297 -0.00888886489 -0.0238403734 0.0347851068 -0.00829404779 -0.0255342163 0.0341362879 -0.00766241737 -0.0264495648 0.0333777219 -0.0072504119 -0.0238403734 0.0347851068 -0.00829404779 -0.0264495648 0.0333777219 -0.0072504119 -0.0180111583 0.0370818488 -0.0106256614 -0.0211256798 0.0359903201 -0.00937993452 -0.0238403734 0.0347851068 -0.00829404779 -0.0180111583 0.0370818488 -0.0106256614 -0.0351220407 0.0267240778 -0.00383161148 -0.0335564055 0.0287937839 -0.00485182786 -0.0372485556 0.024633687 -0.0031481937 -0.0335564055 0.0287937839 -0.00485182786 -0.0351220407 0.0267240778 -0.00383161148 -0.0345122255 0.0273555964 -0.00407521008 -0.0364318527 0.025264509 -0.00330836792 -0.0351220407 0.0267240778 -0.00383161148 -0.0372485556 0.024633687 -0.0031481937 -0.0351220407 0.0267240778 -0.00383161148 -0.0364318527 0.025264509 -0.00330836792 -0.0355493464 0.0259423312 -0.00361040141 -0.0345122255 0.0273555964 -0.00407521008 -0.0351220407 0.0267240778 -0.00383161148 -0.0355493464 0.0259423312 -0.00361040141 -0.0325953439 0.0291702263 -0.004841079 -0.0335564055 0.0287937839 -0.00485182786 -0.0345122255 0.0273555964 -0.00407521008 -0.0325953439 0.0291702263 -0.004841079 -0.0336266235 0.0279282182 -0.0043796855 -0.0313499607 0.0299517419 -0.00529018603 -0.0336266235 0.0279282182 -0.0043796855 -0.0325953439 0.0291702263 -0.004841079 -0.0345122255 0.0273555964 -0.00407521008 -0.0147579955 0.0381148793 -0.0119681954 -0.0155420359 0.0379429311 -0.0116548873 -0.0180111583 0.0370818488 -0.0106256614 -0.0155420359 0.0379429311 -0.0116548873 -0.0163237508 0.0377546251 -0.0113426326 -0.0180111583 0.0370818488 -0.0106256614 -0.0155420359 0.0379429311 -0.0116548873 -0.0147579955 0.0381148793 -0.0119681954 -0.0175448097 0.0377522074 -0.0111927604 -0.0163237508 0.0377546251 -0.0113426326 -0.0155420359 0.0379429311 -0.0116548873 -0.0175448097 0.0377522074 -0.0111927604 -0.011125451 0.0388731472 -0.0135456035 -0.0100310491 0.0386123806 -0.0138179036 -0.007902449 0.039090462 -0.0148288812 -0.0100310491 0.0386123806 -0.0138179036 -0.00840312615 0.0387155116 -0.0144690312 -0.007902449 0.039090462 -0.0148288812 -0.0131821688 0.0384096727 -0.0125978766 -0.0100310491 0.0386123806 -0.0138179036 -0.011125451 0.0388731472 -0.0135456035 -0.00840312615 0.0387155116 -0.0144690312 -0.0100310491 0.0386123806 -0.0138179036 -0.0116482424 0.0384412222 -0.0131709576 -0.0100310491 0.0386123806 -0.0138179036 -0.0131821688 0.0384096727 -0.0125978766 -0.0116482424 0.0384412222 -0.0131709576 -0.00881863199 0.0392056927 -0.0148508325 -0.0106767472 0.0390726812 -0.0141170099 -0.011125451 0.0388731472 -0.0135456035 -0.0106767472 0.0390726812 -0.0141170099 -0.00908470526 0.0391310714 -0.019593453 -0.0112137832 0.0389556997 -0.0187549908 -0.0106767472 0.0390726812 -0.0141170099 -0.00881863199 0.0392056927 -0.0148508325 -0.00908470526 0.0391310714 -0.019593453 -0.0287350453 0.0325967483 -0.00676076673 -0.0282318052 0.0329794623 -0.00718449615 -0.0297938045 0.0319173299 -0.0065674712 -0.0266276654 0.0339612588 -0.00781817921 -0.0287350453 0.0325967483 -0.00676076673 -0.0271523055 0.033439029 -0.0071657449 -0.0282318052 0.0329794623 -0.00718449615 -0.0287350453 0.0325967483 -0.00676076673 -0.0266276654 0.0339612588 -0.00781817921 -0.0195138492 0.0371173024 -0.0154855205 -0.0215652045 0.0364275277 -0.00981711876 -0.0175448097 0.0377522074 -0.0111927604 -0.0215436257 0.0364359431 -0.0132126445 -0.0215652045 0.0364275277 -0.00981711876 -0.0195138492 0.0371173024 -0.0154855205 -0.0215652045 0.0364275277 -0.00981711876 -0.0215436257 0.0364359431 -0.0132126445 -0.0232941564 0.0356852487 -0.00913432613 -0.0215652045 0.0364275277 -0.00981711876 -0.020551268 0.0366366468 -0.00979319401 -0.0175448097 0.0377522074 -0.0111927604 -0.020551268 0.0366366468 -0.00979319401 -0.0215652045 0.0364275277 -0.00981711876 -0.0232941564 0.0356852487 -0.00913432613 -0.0350474678 -0.0273368545 -0.00890696421 -0.0356975757 -0.0266223997 -0.00910903141 -0.0341662131 -0.0281865597 -0.00971244648 -0.0341799818 -0.0282679703 -0.00815814547 -0.0350474678 -0.0273368545 -0.00890696421 -0.0341662131 -0.0281865597 -0.00971244648 -0.0341799818 -0.0282679703 -0.00815814547 -0.0325458609 -0.0296660438 -0.0103507787 -0.0327974521 -0.0295380764 -0.00538148498 -0.0325458609 -0.0296660438 -0.0103507787 -0.0308463518 -0.0310522355 -0.0110205021 -0.0313278399 -0.0307624564 -0.00596192759 -0.0327974521 -0.0295380764 -0.00538148498 -0.0325458609 -0.0296660438 -0.0103507787 -0.0313278399 -0.0307624564 -0.00596192759 -0.0325458609 -0.0296660438 -0.0103507787 -0.0341799818 -0.0282679703 -0.00815814547 -0.0341662131 -0.0281865597 -0.00971244648 -0.0308463518 -0.0310522355 -0.0110205021 -0.0325458609 -0.0296660438 -0.0103507787 -0.0307681467 -0.0273873098 -0.0367732905 -0.0325458609 -0.0296660438 -0.0103507787 -0.0353357717 -0.0244674813 -0.0272019599 -0.0307681467 -0.0273873098 -0.0367732905 -0.0325458609 -0.0296660438 -0.0103507787 -0.0341662131 -0.0281865597 -0.00971244648 -0.0353357717 -0.0244674813 -0.0272019599 -0.036956422 -0.0223996658 -0.0272254255 -0.0371408425 -0.0249734446 -0.00854058843 -0.0384946428 -0.0232389607 -0.00800708029 -0.036956422 -0.0223996658 -0.0272254255 -0.0392969213 -0.0187787022 -0.0272297915 -0.0370501801 -0.0201125275 -0.0362721831 -0.0378304683 -0.0235245265 -0.00274951803 -0.0398877822 -0.0212569125 -0.00234555779 -0.0380821191 -0.0239036791 -0.00329455361 -0.0362917744 -0.0259988457 -0.0037689798 -0.0378304683 -0.0235245265 -0.00274951803 -0.0380821191 -0.0239036791 -0.00329455361 -0.0378304683 -0.0235245265 -0.00274951803 -0.0405653715 -0.0193945132 -0.00165670912 -0.0398877822 -0.0212569125 -0.00234555779 -0.0378304683 -0.0235245265 -0.00274951803 -0.0371099673 -0.0240981318 -0.00298613636 -0.0381394587 -0.0227415767 -0.00257447455 -0.0391112529 -0.0213360358 -0.00218561711 -0.0378304683 -0.0235245265 -0.00274951803 -0.0381394587 -0.0227415767 -0.00257447455 -0.0378304683 -0.0235245265 -0.00274951803 -0.0391112529 -0.0213360358 -0.00218561711 -0.0405653715 -0.0193945132 -0.00165670912 -0.0378304683 -0.0235245265 -0.00274951803 -0.0362917744 -0.0259988457 -0.0037689798 -0.0345718823 -0.0272952933 -0.00405145623 -0.0360246263 -0.0254053213 -0.00342034269 -0.0378304683 -0.0235245265 -0.00274951803 -0.0345718823 -0.0272952933 -0.00405145623 -0.0378304683 -0.0235245265 -0.00274951803 -0.0360246263 -0.0254053213 -0.00342034269 -0.0371099673 -0.0240981318 -0.00298613636 -0.0368660055 -0.0254094936 -0.00377484667 -0.0362917744 -0.0259988457 -0.0037689798 -0.0380821191 -0.0239036791 -0.00329455361 -0.0371408425 -0.0249734446 -0.00854058843 -0.0368660055 -0.0254094936 -0.00377484667 -0.0380821191 -0.0239036791 -0.00329455361 -0.0368660055 -0.0254094936 -0.00377484667 -0.0371408425 -0.0249734446 -0.00854058843 -0.0356975757 -0.0266223997 -0.00910903141 -0.0362917744 -0.0259988457 -0.0037689798 -0.0368660055 -0.0254094936 -0.00377484667 -0.0356262885 -0.0267315693 -0.00403231801 -0.0350474678 -0.0273368545 -0.00890696421 -0.0368660055 -0.0254094936 -0.00377484667 -0.0356975757 -0.0266223997 -0.00910903141 -0.0368660055 -0.0254094936 -0.00377484667 -0.0341799818 -0.0282679703 -0.00815814547 -0.0356262885 -0.0267315693 -0.00403231801 -0.0368660055 -0.0254094936 -0.00377484667 -0.0350474678 -0.0273368545 -0.00890696421 -0.0341799818 -0.0282679703 -0.00815814547 0.0151991928 -0.0322637632 -0.0294211935 0.0113461716 -0.0320358537 -0.0402658768 0.0163912866 -0.0314890817 -0.0296265054 0.0143168662 -0.0329245217 -0.0288097821 0.0151991928 -0.0322637632 -0.0294211935 0.0163912866 -0.0314890817 -0.0296265054 0.0151991928 -0.0322637632 -0.0294211935 0.0143168662 -0.0329245217 -0.0288097821 0.0113461716 -0.0320358537 -0.0402658768 0.0134474719 -0.0333990492 -0.0287291296 0.0121585811 -0.0342214741 -0.0279599074 0.0113461716 -0.0320358537 -0.0402658768 0.0143168662 -0.0329245217 -0.0288097821 0.0134474719 -0.0333990492 -0.0287291296 0.0113461716 -0.0320358537 -0.0402658768 0.0134474719 -0.0333990492 -0.0287291296 0.0143168662 -0.0329245217 -0.0288097821 0.0121585811 -0.0342214741 -0.0279599074 0.0040903762 -0.0371987224 -0.0194663126 0.0105756 -0.0348890573 -0.0221161488 0.0157305673 -0.0315521471 -0.0241224132 0.00518257124 -0.0370946862 -0.0199629739 0.00360155851 -0.0377465598 -0.0195143986 0.00698745996 -0.0366340689 -0.0208588727 0.00360155851 -0.0377465598 -0.0195143986 0.00589586142 -0.0370882489 -0.0206616614 0.00698745996 -0.0366340689 -0.0208588727 0.00589586142 -0.0370882489 -0.0206616614 0.00360155851 -0.0377465598 -0.0195143986 0.00409073429 -0.0376058668 -0.0247828271 0.00409073429 -0.0376058668 -0.0247828271 0.00360155851 -0.0377465598 -0.0195143986 0.00229675439 -0.0380860344 -0.0240762569 0.016344199 -0.028561959 -0.0415192209 0.0168932155 -0.0310327951 -0.030090712 0.0163912866 -0.0314890817 -0.0296265054 0.0168932155 -0.0310327951 -0.030090712 0.0177186802 -0.0303808246 -0.0304167494 0.0163912866 -0.0314890817 -0.0296265054 0.0177186802 -0.0303808246 -0.0304167494 0.0168932155 -0.0310327951 -0.030090712 0.016344199 -0.028561959 -0.0415192209 -0.0392256379 -0.0223349147 -0.00284286565 -0.0397579037 -0.0214174706 -0.00750893448 -0.0384946428 -0.0232389607 -0.00800708029 -0.0392969213 -0.0187787022 -0.0272297915 -0.0397579037 -0.0214174706 -0.00750893448 -0.0409280658 -0.0195070766 -0.00704792328 -0.0397579037 -0.0214174706 -0.00750893448 -0.0412911735 -0.0190061983 -0.00202710065 -0.0409280658 -0.0195070766 -0.00704792328 -0.0397579037 -0.0214174706 -0.00750893448 -0.0392256379 -0.0223349147 -0.00284286565 -0.0412911735 -0.0190061983 -0.00202710065 -0.0397579037 -0.0214174706 -0.00750893448 -0.036956422 -0.0223996658 -0.0272254255 -0.0384946428 -0.0232389607 -0.00800708029 -0.036956422 -0.0223996658 -0.0272254255 -0.0397579037 -0.0214174706 -0.00750893448 -0.0392969213 -0.0187787022 -0.0272297915 -0.0405653715 -0.0193945132 -0.00165670912 -0.0400260687 -0.019880278 -0.00181984704 -0.0408813357 -0.018373264 -0.00147760997 -0.0400260687 -0.019880278 -0.00181984704 -0.0391112529 -0.0213360358 -0.00218561711 -0.0408813357 -0.018373264 -0.00147760997 -0.0391112529 -0.0213360358 -0.00218561711 -0.0400260687 -0.019880278 -0.00181984704 -0.0405653715 -0.0193945132 -0.00165670912 -0.0302259978 0.0311049893 -0.00578785595 -0.0313499607 0.0299517419 -0.00529018603 -0.0289535578 0.03176805 -0.00624884851 -0.0302259978 0.0311049893 -0.00578785595 -0.0325953439 0.0291702263 -0.004841079 -0.0313499607 0.0299517419 -0.00529018603 -0.0302259978 0.0311049893 -0.00578785595 -0.0255342163 0.0341362879 -0.00766241737 -0.0271523055 0.033439029 -0.0071657449 -0.0255342163 0.0341362879 -0.00766241737 -0.0302259978 0.0311049893 -0.00578785595 -0.0289535578 0.03176805 -0.00624884851 -0.0287350453 0.0325967483 -0.00676076673 -0.0302259978 0.0311049893 -0.00578785595 -0.0271523055 0.033439029 -0.0071657449 -0.011125451 0.0388731472 -0.0135456035 -0.012524372 0.0388520882 -0.0133881178 -0.0143604921 0.0385440886 -0.0126622766 -0.0106767472 0.0390726812 -0.0141170099 -0.012524372 0.0388520882 -0.0133881178 -0.011125451 0.0388731472 -0.0135456035 -0.012524372 0.0388520882 -0.0133881178 -0.0133319534 0.0386643447 -0.0179209504 -0.0143604921 0.0385440886 -0.0126622766 -0.0133319534 0.0386643447 -0.0179209504 -0.012524372 0.0388520882 -0.0133881178 -0.0112137832 0.0389556997 -0.0187549908 -0.012524372 0.0388520882 -0.0133881178 -0.0106767472 0.0390726812 -0.0141170099 -0.0112137832 0.0389556997 -0.0187549908 -0.0313136615 0.0307732169 -0.00596749596 -0.0308632907 0.0310398415 -0.011013451 -0.0325487889 0.0296640061 -0.0103496062 -0.0308632907 0.0310398415 -0.011013451 -0.0313136615 0.0307732169 -0.00596749596 -0.0297938045 0.0319173299 -0.0065674712 -0.0342401899 0.0282100607 -0.00813418068 -0.0313136615 0.0307732169 -0.00596749596 -0.0325487889 0.0296640061 -0.0103496062 -0.0313136615 0.0307732169 -0.00596749596 -0.0342401899 0.0282100607 -0.00813418068 -0.0342104472 0.0282390043 -0.00482344301 -0.0371408425 -0.0249734446 -0.00854058843 -0.0361794755 -0.023426855 -0.0272232071 -0.0353357717 -0.0244674813 -0.0272019599 -0.036956422 -0.0223996658 -0.0272254255 -0.0361794755 -0.023426855 -0.0272232071 -0.0371408425 -0.0249734446 -0.00854058843 -0.0361794755 -0.023426855 -0.0272232071 -0.036956422 -0.0223996658 -0.0272254255 -0.0370501801 -0.0201125275 -0.0362721831 -0.0361794755 -0.023426855 -0.0272232071 -0.0370501801 -0.0201125275 -0.0362721831 -0.0338336155 -0.0232169516 -0.0402554013 -0.0353357717 -0.0244674813 -0.0272019599 -0.0361794755 -0.023426855 -0.0272232071 -0.0338336155 -0.0232169516 -0.0402554013 0.00801188592 -0.0360550098 -0.0210926067 0.00518257124 -0.0370946862 -0.0199629739 0.00698745996 -0.0366340689 -0.0208588727 0.00518257124 -0.0370946862 -0.0199629739 0.00801188592 -0.0360550098 -0.0210926067 0.0040903762 -0.0371987224 -0.0194663126 0.00801188592 -0.0360550098 -0.0210926067 0.0105756 -0.0348890573 -0.0221161488 0.0040903762 -0.0371987224 -0.0194663126 0.00589586142 -0.0370882489 -0.0206616614 0.00939369947 -0.0356856361 -0.0220429581 0.00698745996 -0.0366340689 -0.0208588727 0.00939369947 -0.0356856361 -0.0220429581 0.00589586142 -0.0370882489 -0.0206616614 0.00762302568 -0.036444433 -0.0248793531 0.00939369947 -0.0356856361 -0.0220429581 0.00801188592 -0.0360550098 -0.0210926067 0.00698745996 -0.0366340689 -0.0208588727 0.00801188592 -0.0360550098 -0.0210926067 0.00939369947 -0.0356856361 -0.0220429581 0.0105756 -0.0348890573 -0.0221161488 0.0113405064 -0.0344963036 -0.0224215835 0.0136115029 -0.0333748683 -0.0234893784 0.015034683 -0.0322792493 -0.0238966756 0.0113405064 -0.0344963036 -0.0224215835 0.015034683 -0.0322792493 -0.0238966756 0.0157305673 -0.0315521471 -0.0241224132 0.0105756 -0.0348890573 -0.0221161488 0.0113405064 -0.0344963036 -0.0224215835 0.0157305673 -0.0315521471 -0.0241224132 0.00761503819 -0.0363870151 -0.0261706766 0.00762302568 -0.036444433 -0.0248793531 0.00586361578 -0.0370397344 -0.0254810229 0.00605906174 -0.0341724977 -0.0414795093 0.00761503819 -0.0363870151 -0.0261706766 0.00586361578 -0.0370397344 -0.0254810229 0.00699652405 -0.0339994133 -0.0406687632 0.00761503819 -0.0363870151 -0.0261706766 0.00605906174 -0.0341724977 -0.0414795093 0.0088248942 -0.0358159803 -0.0269018915 0.00761503819 -0.0363870151 -0.0261706766 0.00699652405 -0.0339994133 -0.0406687632 0.0121585811 -0.0342214741 -0.0279599074 0.0107138231 -0.0349227116 -0.0276484638 0.00812746119 -0.033590205 -0.0403342284 0.00281263189 -0.0379576832 -0.0192011688 0.00518257124 -0.0370946862 -0.0199629739 0.0017569738 -0.0382129662 -0.0187820178 0.00281263189 -0.0379576832 -0.0192011688 0.00360155851 -0.0377465598 -0.0195143986 0.00518257124 -0.0370946862 -0.0199629739 0.00281263189 -0.0379576832 -0.0192011688 0.0017569738 -0.0382129662 -0.0187820178 0.000460572279 -0.0385441184 -0.0185150895 0.00229675439 -0.0380860344 -0.0240762569 0.00281263189 -0.0379576832 -0.0192011688 0.000460572279 -0.0385441184 -0.0185150895 0.00360155851 -0.0377465598 -0.0195143986 0.00281263189 -0.0379576832 -0.0192011688 0.00229675439 -0.0380860344 -0.0240762569 -0.0322269239 0.029968204 -0.00537810754 -0.0302259978 0.0311049893 -0.00578785595 -0.0287350453 0.0325967483 -0.00676076673 -0.0322269239 0.029968204 -0.00537810754 -0.0287350453 0.0325967483 -0.00676076673 -0.0297938045 0.0319173299 -0.0065674712 -0.0313136615 0.0307732169 -0.00596749596 -0.0322269239 0.029968204 -0.00537810754 -0.0297938045 0.0319173299 -0.0065674712 -0.0325953439 0.0291702263 -0.004841079 -0.0322269239 0.029968204 -0.00537810754 -0.0335564055 0.0287937839 -0.00485182786 -0.0302259978 0.0311049893 -0.00578785595 -0.0322269239 0.029968204 -0.00537810754 -0.0325953439 0.0291702263 -0.004841079 -0.0335564055 0.0287937839 -0.00485182786 -0.0322269239 0.029968204 -0.00537810754 -0.0342104472 0.0282390043 -0.00482344301 -0.0322269239 0.029968204 -0.00537810754 -0.0313136615 0.0307732169 -0.00596749596 -0.0342104472 0.0282390043 -0.00482344301 0.00939369947 -0.0356856361 -0.0220429581 0.0124946898 -0.0340370461 -0.0230458304 0.0105756 -0.0348890573 -0.0221161488 0.0124946898 -0.0340370461 -0.0230458304 0.0113405064 -0.0344963036 -0.0224215835 0.0105756 -0.0348890573 -0.0221161488 0.0113405064 -0.0344963036 -0.0224215835 0.0124946898 -0.0340370461 -0.0230458304 0.0136115029 -0.0333748683 -0.0234893784 0.0136115029 -0.0333748683 -0.0234893784 0.0124946898 -0.0340370461 -0.0230458304 0.0121585811 -0.0342214741 -0.0279599074 0.0124946898 -0.0340370461 -0.0230458304 0.00939369947 -0.0356856361 -0.0220429581 0.0121585811 -0.0342214741 -0.0279599074 0.00991643313 -0.035379719 -0.0270769261 0.00939369947 -0.0356856361 -0.0220429581 0.00762302568 -0.036444433 -0.0248793531 0.00939369947 -0.0356856361 -0.0220429581 0.00991643313 -0.035379719 -0.0270769261 0.0121585811 -0.0342214741 -0.0279599074 0.00991643313 -0.035379719 -0.0270769261 0.0107138231 -0.0349227116 -0.0276484638 0.0121585811 -0.0342214741 -0.0279599074 0.00761503819 -0.0363870151 -0.0261706766 0.00991643313 -0.035379719 -0.0270769261 0.00762302568 -0.036444433 -0.0248793531 0.00991643313 -0.035379719 -0.0270769261 0.00761503819 -0.0363870151 -0.0261706766 0.0088248942 -0.0358159803 -0.0269018915 0.00991643313 -0.035379719 -0.0270769261 0.0088248942 -0.0358159803 -0.0269018915 0.00699652405 -0.0339994133 -0.0406687632 0.00991643313 -0.035379719 -0.0270769261 0.00699652405 -0.0339994133 -0.0406687632 0.00812746119 -0.033590205 -0.0403342284 0.0107138231 -0.0349227116 -0.0276484638 0.00991643313 -0.035379719 -0.0270769261 0.00812746119 -0.033590205 -0.0403342284 </float_array>
          <technique_common>
            <accessor count="3666" offset="0" source="#mesh_0-positions-array" stride="3">
              <param name="X" type="float" />
              <param name="Y" type="float" />
              <param name="Z" type="float" />
            </accessor>
          </technique_common>
        </source>
        <vertices id="mesh_0-vertices">
          <input semantic="POSITION" source="#mesh_0-positions" />
        </vertices>
        <polylist count="1222" material="defaultMaterial">
          <input offset="0" semantic="VERTEX" source="#mesh_0-vertices" />
          <vcount>3 3 3 3 3 3 3 3 3 3 3 3 3 3 3 3 3 3 3 3 3 3 3 3 3 3 3 3 3 3 3 3 3 3 3 3 3 3 3 3 3 3 3 3 3 3 3 3 3 3 3 3 3 3 3 3 3 3 3 3 3 3 3 3 3 3 3 3 3 3 3 3 3 3 3 3 3 3 3 3 3 3 3 3 3 3 3 3 3 3 3 3 3 3 3 3 3 3 3 3 3 3 3 3 3 3 3 3 3 3 3 3 3 3 3 3 3 3 3 3 3 3 3 3 3 3 3 3 3 3 3 3 3 3 3 3 3 3 3 3 3 3 3 3 3 3 3 3 3 3 3 3 3 3 3 3 3 3 3 3 3 3 3 3 3 3 3 3 3 3 3 3 3 3 3 3 3 3 3 3 3 3 3 3 3 3 3 3 3 3 3 3 3 3 3 3 3 3 3 3 3 3 3 3 3 3 3 3 3 3 3 3 3 3 3 3 3 3 3 3 3 3 3 3 3 3 3 3 3 3 3 3 3 3 3 3 3 3 3 3 3 3 3 3 3 3 3 3 3 3 3 3 3 3 3 3 3 3 3 3 3 3 3 3 3 3 3 3 3 3 3 3 3 3 3 3 3 3 3 3 3 3 3 3 3 3 3 3 3 3 3 3 3 3 3 3 3 3 3 3 3 3 3 3 3 3 3 3 3 3 3 3 3 3 3 3 3 3 3 3 3 3 3 3 3 3 3 3 3 3 3 3 3 3 3 3 3 3 3 3 3 3 3 3 3 3 3 3 3 3 3 3 3 3 3 3 3 3 3 3 3 3 3 3 3 3 3 3 3 3 3 3 3 3 3 3 3 3 3 3 3 3 3 3 3 3 3 3 3 3 3 3 3 3 3 3 3 3 3 3 3 3 3 3 3 3 3 3 3 3 3 3 3 3 3 3 3 3 3 3 3 3 3 3 3 3 3 3 3 3 3 3 3 3 3 3 3 3 3 3 3 3 3 3 3 3 3 3 3 3 3 3 3 3 3 3 3 3 3 3 3 3 3 3 3 3 3 3 3 3 3 3 3 3 3 3 3 3 3 3 3 3 3 3 3 3 3 3 3 3 3 3 3 3 3 3 3 3 3 3 3 3 3 3 3 3 3 3 3 3 3 3 3 3 3 3 3 3 3 3 3 3 3 3 3 3 3 3 3 3 3 3 3 3 3 3 3 3 3 3 3 3 3 3 3 3 3 3 3 3 3 3 3 3 3 3 3 3 3 3 3 3 3 3 3 3 3 3 3 3 3 3 3 3 3 3 3 3 3 3 3 3 3 3 3 3 3 3 3 3 3 3 3 3 3 3 3 3 3 3 3 3 3 3 3 3 3 3 3 3 3 3 3 3 3 3 3 3 3 3 3 3 3 3 3 3 3 3 3 3 3 3 3 3 3 3 3 3 3 3 3 3 3 3 3 3 3 3 3 3 3 3 3 3 3 3 3 3 3 3 3 3 3 3 3 3 3 3 3 3 3 3 3 3 3 3 3 3 3 3 3 3 3 3 3 3 3 3 3 3 3 3 3 3 3 3 3 3 3 3 3 3 3 3 3 3 3 3 3 3 3 3 3 3 3 3 3 3 3 3 3 3 3 3 3 3 3 3 3 3 3 3 3 3 3 3 3 3 3 3 3 3 3 3 3 3 3 3 3 3 3 3 3 3 3 3 3 3 3 3 3 3 3 3 3 3 3 3 3 3 3 3 3 3 3 3 3 3 3 3 3 3 3 3 3 3 3 3 3 3 3 3 3 3 3 3 3 3 3 3 3 3 3 3 3 3 3 3 3 3 3 3 3 3 3 3 3 3 3 3 3 3 3 3 3 3 3 3 3 3 3 3 3 3 3 3 3 3 3 3 3 3 3 3 3 3 3 3 3 3 3 3 3 3 3 3 3 3 3 3 3 3 3 3 3 3 3 3 3 3 3 3 3 3 3 3 3 3 3 3 3 3 3 3 3 3 3 3 3 3 3 3 3 3 3 3 3 3 3 3 3 3 3 3 3 3 3 3 3 3 3 3 3 3 3 3 3 3 3 3 3 3 3 3 3 3 3 3 3 3 3 3 3 3 3 3 3 3 3 3 3 3 3 3 3 3 3 3 3 3 3 3 3 3 3 3 3 3 3 3 3 3 3 3 3 3 3 3 3 3 3 3 3 3 3 3 3 3 3 3 3 3 3 3 3 3 3 3 3 3 3 3 3 3 3 3 3 3 3 3 3 3 3 3 3 3 3 3 3 3 3 3 3 3 3 3 3 3 3 3 3 3 3 3 3 3 3 3 3 3 3 3 3 3 3 3 3 3 3 3 3 3 3 3 3 3 3 3 3 3 3 3 3 3 3 3 3 3 3 3 3 3 3 3 3 3 3 3 3 3 3 3 3 3 3 3 3 3 3 3 3 3 3 3 3 3 3 3 3 3 3 3 3 3 3 3 3 3 3 3 3 3 3 3 3 3 3 3 3 3 3 3 3 3 3 3 3 3 3 3 3 3 3 3 3 3 3 3 3 3 3 3 3 3 3 3 3 3 3 3 3 3 3 3 3 3 3 3 3 3 3 3 3 3 3 3 3 3 3 3 3 3 3 3 3 3 3 3 3 3 3 3 3 3 3 3 3 3 3 3 3 3 3 3 3 3 3 3 3 3 3 3 3 3 3 3 3 3 3 3 3 3 3 3 3 3 3 3 3 3 3 3 3 3 3 3 3 3 3 3 3 3 </vcount>
          <p>0 1 2 3 4 5 6 7 8 9 10 11 12 13 14 15 16 17 18 19 20 21 22 23 24 25 26 27 28 29 30 31 32 33 34 35 36 37 38 39 40 41 42 43 44 45 46 47 48 49 50 51 52 53 54 55 56 57 58 59 60 61 62 63 64 65 66 67 68 69 70 71 72 73 74 75 76 77 78 79 80 81 82 83 84 85 86 87 88 89 90 91 92 93 94 95 96 97 98 99 100 101 102 103 104 105 106 107 108 109 110 111 112 113 114 115 116 117 118 119 120 121 122 123 124 125 126 127 128 129 130 131 132 133 134 135 136 137 138 139 140 141 142 143 144 145 146 147 148 149 150 151 152 153 154 155 156 157 158 159 160 161 162 163 164 165 166 167 168 169 170 171 172 173 174 175 176 177 178 179 180 181 182 183 184 185 186 187 188 189 190 191 192 193 194 195 196 197 198 199 200 201 202 203 204 205 206 207 208 209 210 211 212 213 214 215 216 217 218 219 220 221 222 223 224 225 226 227 228 229 230 231 232 233 234 235 236 237 238 239 240 241 242 243 244 245 246 247 248 249 250 251 252 253 254 255 256 257 258 259 260 261 262 263 264 265 266 267 268 269 270 271 272 273 274 275 276 277 278 279 280 281 282 283 284 285 286 287 288 289 290 291 292 293 294 295 296 297 298 299 300 301 302 303 304 305 306 307 308 309 310 311 312 313 314 315 316 317 318 319 320 321 322 323 324 325 326 327 328 329 330 331 332 333 334 335 336 337 338 339 340 341 342 343 344 345 346 347 348 349 350 351 352 353 354 355 356 357 358 359 360 361 362 363 364 365 366 367 368 369 370 371 372 373 374 375 376 377 378 379 380 381 382 383 384 385 386 387 388 389 390 391 392 393 394 395 396 397 398 399 400 401 402 403 404 405 406 407 408 409 410 411 412 413 414 415 416 417 418 419 420 421 422 423 424 425 426 427 428 429 430 431 432 433 434 435 436 437 438 439 440 441 442 443 444 445 446 447 448 449 450 451 452 453 454 455 456 457 458 459 460 461 462 463 464 465 466 467 468 469 470 471 472 473 474 475 476 477 478 479 480 481 482 483 484 485 486 487 488 489 490 491 492 493 494 495 496 497 498 499 500 501 502 503 504 505 506 507 508 509 510 511 512 513 514 515 516 517 518 519 520 521 522 523 524 525 526 527 528 529 530 531 532 533 534 535 536 537 538 539 540 541 542 543 544 545 546 547 548 549 550 551 552 553 554 555 556 557 558 559 560 561 562 563 564 565 566 567 568 569 570 571 572 573 574 575 576 577 578 579 580 581 582 583 584 585 586 587 588 589 590 591 592 593 594 595 596 597 598 599 600 601 602 603 604 605 606 607 608 609 610 611 612 613 614 615 616 617 618 619 620 621 622 623 624 625 626 627 628 629 630 631 632 633 634 635 636 637 638 639 640 641 642 643 644 645 646 647 648 649 650 651 652 653 654 655 656 657 658 659 660 661 662 663 664 665 666 667 668 669 670 671 672 673 674 675 676 677 678 679 680 681 682 683 684 685 686 687 688 689 690 691 692 693 694 695 696 697 698 699 700 701 702 703 704 705 706 707 708 709 710 711 712 713 714 715 716 717 718 719 720 721 722 723 724 725 726 727 728 729 730 731 732 733 734 735 736 737 738 739 740 741 742 743 744 745 746 747 748 749 750 751 752 753 754 755 756 757 758 759 760 761 762 763 764 765 766 767 768 769 770 771 772 773 774 775 776 777 778 779 780 781 782 783 784 785 786 787 788 789 790 791 792 793 794 795 796 797 798 799 800 801 802 803 804 805 806 807 808 809 810 811 812 813 814 815 816 817 818 819 820 821 822 823 824 825 826 827 828 829 830 831 832 833 834 835 836 837 838 839 840 841 842 843 844 845 846 847 848 849 850 851 852 853 854 855 856 857 858 859 860 861 862 863 864 865 866 867 868 869 870 871 872 873 874 875 876 877 878 879 880 881 882 883 884 885 886 887 888 889 890 891 892 893 894 895 896 897 898 899 900 901 902 903 904 905 906 907 908 909 910 911 912 913 914 915 916 917 918 919 920 921 922 923 924 925 926 927 928 929 930 931 932 933 934 935 936 937 938 939 940 941 942 943 944 945 946 947 948 949 950 951 952 953 954 955 956 957 958 959 960 961 962 963 964 965 966 967 968 969 970 971 972 973 974 975 976 977 978 979 980 981 982 983 984 985 986 987 988 989 990 991 992 993 994 995 996 997 998 999 1000 1001 1002 1003 1004 1005 1006 1007 1008 1009 1010 1011 1012 1013 1014 1015 1016 1017 1018 1019 1020 1021 1022 1023 1024 1025 1026 1027 1028 1029 1030 1031 1032 1033 1034 1035 1036 1037 1038 1039 1040 1041 1042 1043 1044 1045 1046 1047 1048 1049 1050 1051 1052 1053 1054 1055 1056 1057 1058 1059 1060 1061 1062 1063 1064 1065 1066 1067 1068 1069 1070 1071 1072 1073 1074 1075 1076 1077 1078 1079 1080 1081 1082 1083 1084 1085 1086 1087 1088 1089 1090 1091 1092 1093 1094 1095 1096 1097 1098 1099 1100 1101 1102 1103 1104 1105 1106 1107 1108 1109 1110 1111 1112 1113 1114 1115 1116 1117 1118 1119 1120 1121 1122 1123 1124 1125 1126 1127 1128 1129 1130 1131 1132 1133 1134 1135 1136 1137 1138 1139 1140 1141 1142 1143 1144 1145 1146 1147 1148 1149 1150 1151 1152 1153 1154 1155 1156 1157 1158 1159 1160 1161 1162 1163 1164 1165 1166 1167 1168 1169 1170 1171 1172 1173 1174 1175 1176 1177 1178 1179 1180 1181 1182 1183 1184 1185 1186 1187 1188 1189 1190 1191 1192 1193 1194 1195 1196 1197 1198 1199 1200 1201 1202 1203 1204 1205 1206 1207 1208 1209 1210 1211 1212 1213 1214 1215 1216 1217 1218 1219 1220 1221 1222 1223 1224 1225 1226 1227 1228 1229 1230 1231 1232 1233 1234 1235 1236 1237 1238 1239 1240 1241 1242 1243 1244 1245 1246 1247 1248 1249 1250 1251 1252 1253 1254 1255 1256 1257 1258 1259 1260 1261 1262 1263 1264 1265 1266 1267 1268 1269 1270 1271 1272 1273 1274 1275 1276 1277 1278 1279 1280 1281 1282 1283 1284 1285 1286 1287 1288 1289 1290 1291 1292 1293 1294 1295 1296 1297 1298 1299 1300 1301 1302 1303 1304 1305 1306 1307 1308 1309 1310 1311 1312 1313 1314 1315 1316 1317 1318 1319 1320 1321 1322 1323 1324 1325 1326 1327 1328 1329 1330 1331 1332 1333 1334 1335 1336 1337 1338 1339 1340 1341 1342 1343 1344 1345 1346 1347 1348 1349 1350 1351 1352 1353 1354 1355 1356 1357 1358 1359 1360 1361 1362 1363 1364 1365 1366 1367 1368 1369 1370 1371 1372 1373 1374 1375 1376 1377 1378 1379 1380 1381 1382 1383 1384 1385 1386 1387 1388 1389 1390 1391 1392 1393 1394 1395 1396 1397 1398 1399 1400 1401 1402 1403 1404 1405 1406 1407 1408 1409 1410 1411 1412 1413 1414 1415 1416 1417 1418 1419 1420 1421 1422 1423 1424 1425 1426 1427 1428 1429 1430 1431 1432 1433 1434 1435 1436 1437 1438 1439 1440 1441 1442 1443 1444 1445 1446 1447 1448 1449 1450 1451 1452 1453 1454 1455 1456 1457 1458 1459 1460 1461 1462 1463 1464 1465 1466 1467 1468 1469 1470 1471 1472 1473 1474 1475 1476 1477 1478 1479 1480 1481 1482 1483 1484 1485 1486 1487 1488 1489 1490 1491 1492 1493 1494 1495 1496 1497 1498 1499 1500 1501 1502 1503 1504 1505 1506 1507 1508 1509 1510 1511 1512 1513 1514 1515 1516 1517 1518 1519 1520 1521 1522 1523 1524 1525 1526 1527 1528 1529 1530 1531 1532 1533 1534 1535 1536 1537 1538 1539 1540 1541 1542 1543 1544 1545 1546 1547 1548 1549 1550 1551 1552 1553 1554 1555 1556 1557 1558 1559 1560 1561 1562 1563 1564 1565 1566 1567 1568 1569 1570 1571 1572 1573 1574 1575 1576 1577 1578 1579 1580 1581 1582 1583 1584 1585 1586 1587 1588 1589 1590 1591 1592 1593 1594 1595 1596 1597 1598 1599 1600 1601 1602 1603 1604 1605 1606 1607 1608 1609 1610 1611 1612 1613 1614 1615 1616 1617 1618 1619 1620 1621 1622 1623 1624 1625 1626 1627 1628 1629 1630 1631 1632 1633 1634 1635 1636 1637 1638 1639 1640 1641 1642 1643 1644 1645 1646 1647 1648 1649 1650 1651 1652 1653 1654 1655 1656 1657 1658 1659 1660 1661 1662 1663 1664 1665 1666 1667 1668 1669 1670 1671 1672 1673 1674 1675 1676 1677 1678 1679 1680 1681 1682 1683 1684 1685 1686 1687 1688 1689 1690 1691 1692 1693 1694 1695 1696 1697 1698 1699 1700 1701 1702 1703 1704 1705 1706 1707 1708 1709 1710 1711 1712 1713 1714 1715 1716 1717 1718 1719 1720 1721 1722 1723 1724 1725 1726 1727 1728 1729 1730 1731 1732 1733 1734 1735 1736 1737 1738 1739 1740 1741 1742 1743 1744 1745 1746 1747 1748 1749 1750 1751 1752 1753 1754 1755 1756 1757 1758 1759 1760 1761 1762 1763 1764 1765 1766 1767 1768 1769 1770 1771 1772 1773 1774 1775 1776 1777 1778 1779 1780 1781 1782 1783 1784 1785 1786 1787 1788 1789 1790 1791 1792 1793 1794 1795 1796 1797 1798 1799 1800 1801 1802 1803 1804 1805 1806 1807 1808 1809 1810 1811 1812 1813 1814 1815 1816 1817 1818 1819 1820 1821 1822 1823 1824 1825 1826 1827 1828 1829 1830 1831 1832 1833 1834 1835 1836 1837 1838 1839 1840 1841 1842 1843 1844 1845 1846 1847 1848 1849 1850 1851 1852 1853 1854 1855 1856 1857 1858 1859 1860 1861 1862 1863 1864 1865 1866 1867 1868 1869 1870 1871 1872 1873 1874 1875 1876 1877 1878 1879 1880 1881 1882 1883 1884 1885 1886 1887 1888 1889 1890 1891 1892 1893 1894 1895 1896 1897 1898 1899 1900 1901 1902 1903 1904 1905 1906 1907 1908 1909 1910 1911 1912 1913 1914 1915 1916 1917 1918 1919 1920 1921 1922 1923 1924 1925 1926 1927 1928 1929 1930 1931 1932 1933 1934 1935 1936 1937 1938 1939 1940 1941 1942 1943 1944 1945 1946 1947 1948 1949 1950 1951 1952 1953 1954 1955 1956 1957 1958 1959 1960 1961 1962 1963 1964 1965 1966 1967 1968 1969 1970 1971 1972 1973 1974 1975 1976 1977 1978 1979 1980 1981 1982 1983 1984 1985 1986 1987 1988 1989 1990 1991 1992 1993 1994 1995 1996 1997 1998 1999 2000 2001 2002 2003 2004 2005 2006 2007 2008 2009 2010 2011 2012 2013 2014 2015 2016 2017 2018 2019 2020 2021 2022 2023 2024 2025 2026 2027 2028 2029 2030 2031 2032 2033 2034 2035 2036 2037 2038 2039 2040 2041 2042 2043 2044 2045 2046 2047 2048 2049 2050 2051 2052 2053 2054 2055 2056 2057 2058 2059 2060 2061 2062 2063 2064 2065 2066 2067 2068 2069 2070 2071 2072 2073 2074 2075 2076 2077 2078 2079 2080 2081 2082 2083 2084 2085 2086 2087 2088 2089 2090 2091 2092 2093 2094 2095 2096 2097 2098 2099 2100 2101 2102 2103 2104 2105 2106 2107 2108 2109 2110 2111 2112 2113 2114 2115 2116 2117 2118 2119 2120 2121 2122 2123 2124 2125 2126 2127 2128 2129 2130 2131 2132 2133 2134 2135 2136 2137 2138 2139 2140 2141 2142 2143 2144 2145 2146 2147 2148 2149 2150 2151 2152 2153 2154 2155 2156 2157 2158 2159 2160 2161 2162 2163 2164 2165 2166 2167 2168 2169 2170 2171 2172 2173 2174 2175 2176 2177 2178 2179 2180 2181 2182 2183 2184 2185 2186 2187 2188 2189 2190 2191 2192 2193 2194 2195 2196 2197 2198 2199 2200 2201 2202 2203 2204 2205 2206 2207 2208 2209 2210 2211 2212 2213 2214 2215 2216 2217 2218 2219 2220 2221 2222 2223 2224 2225 2226 2227 2228 2229 2230 2231 2232 2233 2234 2235 2236 2237 2238 2239 2240 2241 2242 2243 2244 2245 2246 2247 2248 2249 2250 2251 2252 2253 2254 2255 2256 2257 2258 2259 2260 2261 2262 2263 2264 2265 2266 2267 2268 2269 2270 2271 2272 2273 2274 2275 2276 2277 2278 2279 2280 2281 2282 2283 2284 2285 2286 2287 2288 2289 2290 2291 2292 2293 2294 2295 2296 2297 2298 2299 2300 2301 2302 2303 2304 2305 2306 2307 2308 2309 2310 2311 2312 2313 2314 2315 2316 2317 2318 2319 2320 2321 2322 2323 2324 2325 2326 2327 2328 2329 2330 2331 2332 2333 2334 2335 2336 2337 2338 2339 2340 2341 2342 2343 2344 2345 2346 2347 2348 2349 2350 2351 2352 2353 2354 2355 2356 2357 2358 2359 2360 2361 2362 2363 2364 2365 2366 2367 2368 2369 2370 2371 2372 2373 2374 2375 2376 2377 2378 2379 2380 2381 2382 2383 2384 2385 2386 2387 2388 2389 2390 2391 2392 2393 2394 2395 2396 2397 2398 2399 2400 2401 2402 2403 2404 2405 2406 2407 2408 2409 2410 2411 2412 2413 2414 2415 2416 2417 2418 2419 2420 2421 2422 2423 2424 2425 2426 2427 2428 2429 2430 2431 2432 2433 2434 2435 2436 2437 2438 2439 2440 2441 2442 2443 2444 2445 2446 2447 2448 2449 2450 2451 2452 2453 2454 2455 2456 2457 2458 2459 2460 2461 2462 2463 2464 2465 2466 2467 2468 2469 2470 2471 2472 2473 2474 2475 2476 2477 2478 2479 2480 2481 2482 2483 2484 2485 2486 2487 2488 2489 2490 2491 2492 2493 2494 2495 2496 2497 2498 2499 2500 2501 2502 2503 2504 2505 2506 2507 2508 2509 2510 2511 2512 2513 2514 2515 2516 2517 2518 2519 2520 2521 2522 2523 2524 2525 2526 2527 2528 2529 2530 2531 2532 2533 2534 2535 2536 2537 2538 2539 2540 2541 2542 2543 2544 2545 2546 2547 2548 2549 2550 2551 2552 2553 2554 2555 2556 2557 2558 2559 2560 2561 2562 2563 2564 2565 2566 2567 2568 2569 2570 2571 2572 2573 2574 2575 2576 2577 2578 2579 2580 2581 2582 2583 2584 2585 2586 2587 2588 2589 2590 2591 2592 2593 2594 2595 2596 2597 2598 2599 2600 2601 2602 2603 2604 2605 2606 2607 2608 2609 2610 2611 2612 2613 2614 2615 2616 2617 2618 2619 2620 2621 2622 2623 2624 2625 2626 2627 2628 2629 2630 2631 2632 2633 2634 2635 2636 2637 2638 2639 2640 2641 2642 2643 2644 2645 2646 2647 2648 2649 2650 2651 2652 2653 2654 2655 2656 2657 2658 2659 2660 2661 2662 2663 2664 2665 2666 2667 2668 2669 2670 2671 2672 2673 2674 2675 2676 2677 2678 2679 2680 2681 2682 2683 2684 2685 2686 2687 2688 2689 2690 2691 2692 2693 2694 2695 2696 2697 2698 2699 2700 2701 2702 2703 2704 2705 2706 2707 2708 2709 2710 2711 2712 2713 2714 2715 2716 2717 2718 2719 2720 2721 2722 2723 2724 2725 2726 2727 2728 2729 2730 2731 2732 2733 2734 2735 2736 2737 2738 2739 2740 2741 2742 2743 2744 2745 2746 2747 2748 2749 2750 2751 2752 2753 2754 2755 2756 2757 2758 2759 2760 2761 2762 2763 2764 2765 2766 2767 2768 2769 2770 2771 2772 2773 2774 2775 2776 2777 2778 2779 2780 2781 2782 2783 2784 2785 2786 2787 2788 2789 2790 2791 2792 2793 2794 2795 2796 2797 2798 2799 2800 2801 2802 2803 2804 2805 2806 2807 2808 2809 2810 2811 2812 2813 2814 2815 2816 2817 2818 2819 2820 2821 2822 2823 2824 2825 2826 2827 2828 2829 2830 2831 2832 2833 2834 2835 2836 2837 2838 2839 2840 2841 2842 2843 2844 2845 2846 2847 2848 2849 2850 2851 2852 2853 2854 2855 2856 2857 2858 2859 2860 2861 2862 2863 2864 2865 2866 2867 2868 2869 2870 2871 2872 2873 2874 2875 2876 2877 2878 2879 2880 2881 2882 2883 2884 2885 2886 2887 2888 2889 2890 2891 2892 2893 2894 2895 2896 2897 2898 2899 2900 2901 2902 2903 2904 2905 2906 2907 2908 2909 2910 2911 2912 2913 2914 2915 2916 2917 2918 2919 2920 2921 2922 2923 2924 2925 2926 2927 2928 2929 2930 2931 2932 2933 2934 2935 2936 2937 2938 2939 2940 2941 2942 2943 2944 2945 2946 2947 2948 2949 2950 2951 2952 2953 2954 2955 2956 2957 2958 2959 2960 2961 2962 2963 2964 2965 2966 2967 2968 2969 2970 2971 2972 2973 2974 2975 2976 2977 2978 2979 2980 2981 2982 2983 2984 2985 2986 2987 2988 2989 2990 2991 2992 2993 2994 2995 2996 2997 2998 2999 3000 3001 3002 3003 3004 3005 3006 3007 3008 3009 3010 3011 3012 3013 3014 3015 3016 3017 3018 3019 3020 3021 3022 3023 3024 3025 3026 3027 3028 3029 3030 3031 3032 3033 3034 3035 3036 3037 3038 3039 3040 3041 3042 3043 3044 3045 3046 3047 3048 3049 3050 3051 3052 3053 3054 3055 3056 3057 3058 3059 3060 3061 3062 3063 3064 3065 3066 3067 3068 3069 3070 3071 3072 3073 3074 3075 3076 3077 3078 3079 3080 3081 3082 3083 3084 3085 3086 3087 3088 3089 3090 3091 3092 3093 3094 3095 3096 3097 3098 3099 3100 3101 3102 3103 3104 3105 3106 3107 3108 3109 3110 3111 3112 3113 3114 3115 3116 3117 3118 3119 3120 3121 3122 3123 3124 3125 3126 3127 3128 3129 3130 3131 3132 3133 3134 3135 3136 3137 3138 3139 3140 3141 3142 3143 3144 3145 3146 3147 3148 3149 3150 3151 3152 3153 3154 3155 3156 3157 3158 3159 3160 3161 3162 3163 3164 3165 3166 3167 3168 3169 3170 3171 3172 3173 3174 3175 3176 3177 3178 3179 3180 3181 3182 3183 3184 3185 3186 3187 3188 3189 3190 3191 3192 3193 3194 3195 3196 3197 3198 3199 3200 3201 3202 3203 3204 3205 3206 3207 3208 3209 3210 3211 3212 3213 3214 3215 3216 3217 3218 3219 3220 3221 3222 3223 3224 3225 3226 3227 3228 3229 3230 3231 3232 3233 3234 3235 3236 3237 3238 3239 3240 3241 3242 3243 3244 3245 3246 3247 3248 3249 3250 3251 3252 3253 3254 3255 3256 3257 3258 3259 3260 3261 3262 3263 3264 3265 3266 3267 3268 3269 3270 3271 3272 3273 3274 3275 3276 3277 3278 3279 3280 3281 3282 3283 3284 3285 3286 3287 3288 3289 3290 3291 3292 3293 3294 3295 3296 3297 3298 3299 3300 3301 3302 3303 3304 3305 3306 3307 3308 3309 3310 3311 3312 3313 3314 3315 3316 3317 3318 3319 3320 3321 3322 3323 3324 3325 3326 3327 3328 3329 3330 3331 3332 3333 3334 3335 3336 3337 3338 3339 3340 3341 3342 3343 3344 3345 3346 3347 3348 3349 3350 3351 3352 3353 3354 3355 3356 3357 3358 3359 3360 3361 3362 3363 3364 3365 3366 3367 3368 3369 3370 3371 3372 3373 3374 3375 3376 3377 3378 3379 3380 3381 3382 3383 3384 3385 3386 3387 3388 3389 3390 3391 3392 3393 3394 3395 3396 3397 3398 3399 3400 3401 3402 3403 3404 3405 3406 3407 3408 3409 3410 3411 3412 3413 3414 3415 3416 3417 3418 3419 3420 3421 3422 3423 3424 3425 3426 3427 3428 3429 3430 3431 3432 3433 3434 3435 3436 3437 3438 3439 3440 3441 3442 3443 3444 3445 3446 3447 3448 3449 3450 3451 3452 3453 3454 3455 3456 3457 3458 3459 3460 3461 3462 3463 3464 3465 3466 3467 3468 3469 3470 3471 3472 3473 3474 3475 3476 3477 3478 3479 3480 3481 3482 3483 3484 3485 3486 3487 3488 3489 3490 3491 3492 3493 3494 3495 3496 3497 3498 3499 3500 3501 3502 3503 3504 3505 3506 3507 3508 3509 3510 3511 3512 3513 3514 3515 3516 3517 3518 3519 3520 3521 3522 3523 3524 3525 3526 3527 3528 3529 3530 3531 3532 3533 3534 3535 3536 3537 3538 3539 3540 3541 3542 3543 3544 3545 3546 3547 3548 3549 3550 3551 3552 3553 3554 3555 3556 3557 3558 3559 3560 3561 3562 3563 3564 3565 3566 3567 3568 3569 3570 3571 3572 3573 3574 3575 3576 3577 3578 3579 3580 3581 3582 3583 3584 3585 3586 3587 3588 3589 3590 3591 3592 3593 3594 3595 3596 3597 3598 3599 3600 3601 3602 3603 3604 3605 3606 3607 3608 3609 3610 3611 3612 3613 3614 3615 3616 3617 3618 3619 3620 3621 3622 3623 3624 3625 3626 3627 3628 3629 3630 3631 3632 3633 3634 3635 3636 3637 3638 3639 3640 3641 3642 3643 3644 3645 3646 3647 3648 3649 3650 3651 3652 3653 3654 3655 3656 3657 3658 3659 3660 3661 3662 3663 3664 3665 </p>
        </polylist>
      </mesh>
    </geometry>
  </library_geometries>
  <library_controllers>
  </library_controllers>
  <library_visual_scenes>
    <visual_scene id="Scene" name="Scene">
      <node id="node" name="" type="NODE">
        <matrix sid="matrix">1 0 0 0 0 1 0 0 0 0 1 0 0 0 0 1</matrix>
        <instance_geometry url="#mesh_0">
          <bind_material>
            <technique_common>
              <instance_material symbol="defaultMaterial" target="#material_0">
              </instance_material>
            </technique_common>
          </bind_material>
        </instance_geometry>
      </node>
    </visual_scene>
  </library_visual_scenes>
  <scene>
    <instance_visual_scene url="#Scene" />
  </scene>
</COLLADA>
